period,state,medium,partisanship_scenario,diet_threshold,left_pct,right_pct,left_size,right_size
Last 12 months,AK,tv,lenient,50,0.0214,0.0622,6883.3637,16603.7051
Last 12 months,AK,tv,stringent,50,0.0088,0.0622,3199.3301,16603.7051
Last 12 months,AK,web,lenient,50,0.0313,0.0465,8154.5000,14662.2500
Last 12 months,AK,web,stringent,50,0.0022,0.0279,535.5000,8916.9167
Last 12 months,AL,tv,lenient,50,0.0352,0.1193,137646.0606,466553.1899
Last 12 months,AL,tv,stringent,50,0.0056,0.1193,22039.7071,466553.1899
Last 12 months,AL,web,lenient,50,0.0109,0.0091,25767.5833,21959.0000
Last 12 months,AL,web,stringent,50,0.0030,0.0035,6995.2500,8541.7500
Last 12 months,AR,tv,lenient,50,0.0323,0.1195,79824.7108,295793.7180
Last 12 months,AR,tv,stringent,50,0.0048,0.1195,11817.0196,295793.7180
Last 12 months,AR,web,lenient,50,0.0074,0.0283,13137.0833,51296.8333
Last 12 months,AR,web,stringent,50,0.0046,0.0045,8212.0833,8055.8333
Last 12 months,AZ,tv,lenient,50,0.0596,0.0722,352211.3245,426564.8848
Last 12 months,AZ,tv,stringent,50,0.0100,0.0722,59310.1885,426564.8848
Last 12 months,AZ,web,lenient,50,0.0249,0.0187,100044.7500,74674.3333
Last 12 months,AZ,web,stringent,50,0.0101,0.0069,40256.7500,27486.5833
Last 12 months,CA,tv,lenient,50,0.0668,0.0596,2158692.3002,1927076.5548
Last 12 months,CA,tv,stringent,50,0.0129,0.0596,415416.8981,1927076.5548
Last 12 months,CA,web,lenient,50,0.0235,0.0095,527565.4167,213709.6667
Last 12 months,CA,web,stringent,50,0.0082,0.0032,183490.3333,71908.5000
Last 12 months,CO,tv,lenient,50,0.0464,0.0606,209109.5813,272627.5283
Last 12 months,CO,tv,stringent,50,0.0101,0.0606,45583.9868,272627.5283
Last 12 months,CO,web,lenient,50,0.0179,0.0125,71098.0000,50328.5000
Last 12 months,CO,web,stringent,50,0.0052,0.0035,21015.0833,14441.4167
Last 12 months,CT,tv,lenient,50,0.0716,0.0765,210672.2440,225258.3768
Last 12 months,CT,tv,stringent,50,0.0154,0.0765,45210.6165,225258.3768
Last 12 months,CT,web,lenient,50,0.0180,0.0133,37224.5833,26724.0833
Last 12 months,CT,web,stringent,50,0.0049,0.0001,10229.1667,224.9167
Last 12 months,DC,tv,lenient,50,0.0708,0.0035,34743.3488,1710.0255
Last 12 months,DC,tv,stringent,50,0.0148,0.0035,7303.0334,1710.0255
Last 12 months,DC,web,lenient,50,0.0136,0.0070,2848.4167,1365.5833
Last 12 months,DC,web,stringent,50,0.0044,0.0061,989.7500,1220.2500
Last 12 months,DE,tv,lenient,50,0.0780,0.0670,62710.9600,53846.6049
Last 12 months,DE,tv,stringent,50,0.0106,0.0670,8452.2132,53846.6049
Last 12 months,DE,web,lenient,50,0.0152,0.0111,12927.0000,10058.9167
Last 12 months,DE,web,stringent,50,0.0089,0.0021,7413.0000,1696.5833
Last 12 months,FL,tv,lenient,50,0.0535,0.0962,947718.8364,1703669.8717
Last 12 months,FL,tv,stringent,50,0.0102,0.0962,181183.2107,1703669.8717
Last 12 months,FL,web,lenient,50,0.0128,0.0166,161693.9167,209363.8333
Last 12 months,FL,web,stringent,50,0.0040,0.0041,50294.4167,51219.0833
Last 12 months,GA,tv,lenient,50,0.0487,0.0759,441715.3053,687192.0088
Last 12 months,GA,tv,stringent,50,0.0088,0.0759,79988.2541,687192.0088
Last 12 months,GA,web,lenient,50,0.0119,0.0091,77167.4167,58984.4167
Last 12 months,GA,web,stringent,50,0.0048,0.0037,31211.8333,23664.8333
Last 12 months,HI,tv,lenient,50,0.0515,0.0816,45810.9377,71555.0869
Last 12 months,HI,tv,stringent,50,0.0071,0.0816,6587.3351,71555.0869
Last 12 months,HI,web,lenient,50,0.0084,0.0073,4709.5000,4257.7500
Last 12 months,HI,web,stringent,50,0.0007,0.0073,393.9167,4257.7500
Last 12 months,IA,tv,lenient,50,0.0358,0.0885,88514.3482,219110.0810
Last 12 months,IA,tv,stringent,50,0.0064,0.0885,16015.0900,219110.0810
Last 12 months,IA,web,lenient,50,0.0193,0.0213,31331.0833,34994.5000
Last 12 months,IA,web,stringent,50,0.0065,0.0045,10621.7500,7165.2500
Last 12 months,ID,tv,lenient,50,0.0233,0.1112,36619.5596,177729.0286
Last 12 months,ID,tv,stringent,50,0.0050,0.1112,7828.4185,177729.0286
Last 12 months,ID,web,lenient,50,0.0190,0.0227,16513.1667,19590.3333
Last 12 months,ID,web,stringent,50,0.0047,0.0120,4274.2500,10341.2500
Last 12 months,IL,tv,lenient,50,0.0472,0.0673,485799.0531,691778.7928
Last 12 months,IL,tv,stringent,50,0.0098,0.0673,100657.8800,691778.7928
Last 12 months,IL,web,lenient,50,0.0171,0.0061,133170.1667,47385.1667
Last 12 months,IL,web,stringent,50,0.0066,0.0023,51501.9167,18144.6667
Last 12 months,IN,tv,lenient,50,0.0324,0.0767,181673.5405,428955.6592
Last 12 months,IN,tv,stringent,50,0.0062,0.0767,34407.7939,428955.6592
Last 12 months,IN,web,lenient,50,0.0161,0.0143,66501.0000,58522.6667
Last 12 months,IN,web,stringent,50,0.0052,0.0044,21478.7500,17944.7500
Last 12 months,KS,tv,lenient,50,0.0345,0.0808,92318.3662,216399.6311
Last 12 months,KS,tv,stringent,50,0.0059,0.0808,15764.5131,216399.6311
Last 12 months,KS,web,lenient,50,0.0125,0.0103,18218.8333,15755.9167
Last 12 months,KS,web,stringent,50,0.0025,0.0016,3799.1667,2213.8333
Last 12 months,KY,tv,lenient,50,0.0339,0.1003,126940.9034,375778.4222
Last 12 months,KY,tv,stringent,50,0.0031,0.1003,11459.2108,375778.4222
Last 12 months,KY,web,lenient,50,0.0151,0.0138,38052.5833,34292.7500
Last 12 months,KY,web,stringent,50,0.0054,0.0084,13659.5833,20954.0833
Last 12 months,LA,tv,lenient,50,0.0438,0.0995,176006.1994,400019.9767
Last 12 months,LA,tv,stringent,50,0.0149,0.0995,59871.4421,400019.9767
Last 12 months,LA,web,lenient,50,0.0130,0.0075,26072.6667,14839.6667
Last 12 months,LA,web,stringent,50,0.0056,0.0030,10741.2500,5891.2500
Last 12 months,MA,tv,lenient,50,0.0835,0.0552,494597.7551,326937.5776
Last 12 months,MA,tv,stringent,50,0.0157,0.0552,92880.7800,326937.5776
Last 12 months,MA,web,lenient,50,0.0238,0.0025,101099.5833,10119.9167
Last 12 months,MA,web,stringent,50,0.0137,0.0009,58045.0000,3595.5000
Last 12 months,MD,tv,lenient,50,0.0805,0.0633,427117.4244,336510.1445
Last 12 months,MD,tv,stringent,50,0.0129,0.0633,68574.4829,336510.1445
Last 12 months,MD,web,lenient,50,0.0167,0.0116,70518.0833,48923.3333
Last 12 months,MD,web,stringent,50,0.0065,0.0024,27315.0833,10111.0000
Last 12 months,ME,tv,lenient,50,0.0276,0.0967,31681.6088,111851.0900
Last 12 months,ME,tv,stringent,50,0.0043,0.0967,4944.5822,111851.0900
Last 12 months,ME,web,lenient,50,0.0537,0.0106,43728.6667,8126.9167
Last 12 months,ME,web,stringent,50,0.0126,0.0013,10489.1667,1153.4167
Last 12 months,MI,tv,lenient,50,0.0470,0.0829,384777.9879,679497.8279
Last 12 months,MI,tv,stringent,50,0.0083,0.0829,67694.5312,679497.8279
Last 12 months,MI,web,lenient,50,0.0187,0.0134,109610.6667,78386.0000
Last 12 months,MI,web,stringent,50,0.0054,0.0056,32071.6667,32363.6667
Last 12 months,MN,tv,lenient,50,0.0473,0.0601,220522.0146,280101.2219
Last 12 months,MN,tv,stringent,50,0.0118,0.0601,55288.9917,280101.2219
Last 12 months,MN,web,lenient,50,0.0201,0.0185,69902.6667,64862.1667
Last 12 months,MN,web,stringent,50,0.0058,0.0089,20274.4167,31222.8333
Last 12 months,MO,tv,lenient,50,0.0396,0.0956,198809.9389,479610.0559
Last 12 months,MO,tv,stringent,50,0.0093,0.0956,47058.7510,479610.0559
Last 12 months,MO,web,lenient,50,0.0172,0.0170,66785.3333,66405.3333
Last 12 months,MO,web,stringent,50,0.0043,0.0072,16658.9167,27990.6667
Last 12 months,MS,tv,lenient,50,0.0243,0.0903,57766.0450,213784.9213
Last 12 months,MS,tv,stringent,50,0.0076,0.0903,18057.4102,213784.9213
Last 12 months,MS,web,lenient,50,0.0163,0.0117,29678.6667,21448.0000
Last 12 months,MS,web,stringent,50,0.0066,0.0041,12283.5833,7803.9167
Last 12 months,MT,tv,lenient,50,0.0130,0.1297,9160.3753,96402.7462
Last 12 months,MT,tv,stringent,50,0.0023,0.1297,1604.4000,96402.7462
Last 12 months,MT,web,lenient,50,0.0437,0.0537,22825.2500,30233.0833
Last 12 months,MT,web,stringent,50,0.0260,0.0108,13864.1667,5632.6667
Last 12 months,NC,tv,lenient,50,0.0526,0.0782,475701.9273,707279.5707
Last 12 months,NC,tv,stringent,50,0.0085,0.0782,76669.0455,707279.5707
Last 12 months,NC,web,lenient,50,0.0129,0.0134,71232.2500,75157.6667
Last 12 months,NC,web,stringent,50,0.0055,0.0068,30663.5000,37889.7500
Last 12 months,ND,tv,lenient,50,0.0104,0.1394,5540.5833,74474.3552
Last 12 months,ND,tv,stringent,50,0.0019,0.1394,1110.5066,74474.3552
Last 12 months,ND,web,lenient,50,0.0331,0.0052,10209.9167,1750.3333
Last 12 months,ND,web,stringent,50,0.0012,0.0043,431.6667,1489.3333
Last 12 months,NE,tv,lenient,50,0.0239,0.1276,38230.8122,204675.2464
Last 12 months,NE,tv,stringent,50,0.0069,0.1276,11055.4860,204675.2464
Last 12 months,NE,web,lenient,50,0.0203,0.0230,21540.5833,25649.0000
Last 12 months,NE,web,stringent,50,0.0066,0.0064,7037.7500,6975.6667
Last 12 months,NH,tv,lenient,50,0.0450,0.0843,47776.7528,88628.8376
Last 12 months,NH,tv,stringent,50,0.0084,0.0843,9079.0212,88628.8376
Last 12 months,NH,web,lenient,50,0.0147,0.0099,16578.9167,11153.6667
Last 12 months,NH,web,stringent,50,0.0046,0.0002,5710.5833,206.2500
Last 12 months,NJ,tv,lenient,50,0.0619,0.0910,518258.0124,762405.4961
Last 12 months,NJ,tv,stringent,50,0.0100,0.0910,84094.5427,762405.4961
Last 12 months,NJ,web,lenient,50,0.0149,0.0084,90426.0000,51098.5000
Last 12 months,NJ,web,stringent,50,0.0049,0.0017,29726.5833,10128.4167
Last 12 months,NM,tv,lenient,50,0.0522,0.0639,87621.4840,107149.0062
Last 12 months,NM,tv,stringent,50,0.0105,0.0639,17606.5462,107149.0062
Last 12 months,NM,web,lenient,50,0.0228,0.0073,18855.6667,6084.0833
Last 12 months,NM,web,stringent,50,0.0107,0.0031,8891.1667,2583.6667
Last 12 months,NV,tv,lenient,50,0.0749,0.0981,195854.2447,256313.5703
Last 12 months,NV,tv,stringent,50,0.0229,0.0981,59875.3177,256313.5703
Last 12 months,NV,web,lenient,50,0.0232,0.0148,38331.1667,23562.4167
Last 12 months,NV,web,stringent,50,0.0090,0.0026,15029.0000,4050.2500
Last 12 months,NY,tv,lenient,50,0.0724,0.0700,1169031.7810,1130784.5407
Last 12 months,NY,tv,stringent,50,0.0177,0.0700,285451.7600,1130784.5407
Last 12 months,NY,web,lenient,50,0.0151,0.0065,175453.9167,75465.5833
Last 12 months,NY,web,stringent,50,0.0054,0.0030,63149.2500,34766.4167
Last 12 months,OH,tv,lenient,50,0.0381,0.0965,376432.1972,954185.0185
Last 12 months,OH,tv,stringent,50,0.0078,0.0965,76979.8154,954185.0185
Last 12 months,OH,web,lenient,50,0.0142,0.0086,98868.6667,60390.9167
Last 12 months,OH,web,stringent,50,0.0059,0.0027,41054.6667,18953.2500
Last 12 months,OK,tv,lenient,50,0.0315,0.1027,100756.9296,330710.4518
Last 12 months,OK,tv,stringent,50,0.0039,0.1027,12638.0594,330710.4518
Last 12 months,OK,web,lenient,50,0.0135,0.0163,30040.0833,36669.0000
Last 12 months,OK,web,stringent,50,0.0033,0.0033,7225.8333,7376.5000
Last 12 months,OR,tv,lenient,50,0.0363,0.0801,129307.3819,285308.2623
Last 12 months,OR,tv,stringent,50,0.0118,0.0801,42314.6357,285308.2623
Last 12 months,OR,web,lenient,50,0.0195,0.0099,48419.2500,25084.4167
Last 12 months,OR,web,stringent,50,0.0091,0.0048,22505.0000,11912.4167
Last 12 months,PA,tv,lenient,50,0.0671,0.1079,723581.3708,1164311.8317
Last 12 months,PA,tv,stringent,50,0.0153,0.1079,165209.1316,1164311.8317
Last 12 months,PA,web,lenient,50,0.0170,0.0133,132088.9167,103598.5833
Last 12 months,PA,web,stringent,50,0.0080,0.0064,62136.5833,49591.3333
Last 12 months,RI,tv,lenient,50,0.0603,0.0676,57859.1878,64867.2634
Last 12 months,RI,tv,stringent,50,0.0112,0.0676,10694.7515,64867.2634
Last 12 months,RI,web,lenient,50,0.0274,0.0124,12269.5000,4964.7500
Last 12 months,RI,web,stringent,50,0.0059,0.0000,2739.5000,0.0000
Last 12 months,SC,tv,lenient,50,0.0428,0.1223,196195.6734,561004.7271
Last 12 months,SC,tv,stringent,50,0.0095,0.1223,43376.4728,561004.7271
Last 12 months,SC,web,lenient,50,0.0099,0.0083,28965.5833,23388.2500
Last 12 months,SC,web,stringent,50,0.0040,0.0033,11850.5833,9101.5833
Last 12 months,SD,tv,lenient,50,0.0549,0.1627,40697.2182,121916.7529
Last 12 months,SD,tv,stringent,50,0.0186,0.1627,14001.5673,121916.7529
Last 12 months,SD,web,lenient,50,0.0220,0.0446,9272.0000,19407.0833
Last 12 months,SD,web,stringent,50,0.0060,0.0428,2395.3333,18647.0833
Last 12 months,TN,tv,lenient,50,0.0354,0.1091,208776.2355,642927.5841
Last 12 months,TN,tv,stringent,50,0.0046,0.1091,26988.5403,642927.5841
Last 12 months,TN,web,lenient,50,0.0173,0.0290,54332.0833,93057.2500
Last 12 months,TN,web,stringent,50,0.0090,0.0036,28174.7500,11722.9167
Last 12 months,TX,tv,lenient,50,0.0389,0.0715,946503.0655,1739336.6149
Last 12 months,TX,tv,stringent,50,0.0069,0.0715,166744.9799,1739336.6149
Last 12 months,TX,web,lenient,50,0.0155,0.0121,252847.0000,196544.0833
Last 12 months,TX,web,stringent,50,0.0053,0.0044,86107.5833,71204.6667
Last 12 months,UT,tv,lenient,50,0.0344,0.0915,91724.1552,243900.1378
Last 12 months,UT,tv,stringent,50,0.0022,0.0915,5873.3065,243900.1378
Last 12 months,UT,web,lenient,50,0.0134,0.1058,19789.7500,141017.5000
Last 12 months,UT,web,stringent,50,0.0028,0.0016,3961.5833,2217.9167
Last 12 months,VA,tv,lenient,50,0.0600,0.0986,439376.8028,721732.2351
Last 12 months,VA,tv,stringent,50,0.0083,0.0986,61066.9830,721732.2351
Last 12 months,VA,web,lenient,50,0.0234,0.0148,105896.8333,67209.2500
Last 12 months,VA,web,stringent,50,0.0122,0.0052,54806.1667,23477.3333
Last 12 months,VT,tv,lenient,50,0.0832,0.0683,50281.8281,41440.5522
Last 12 months,VT,tv,stringent,50,0.0363,0.0683,22130.1168,41440.5522
Last 12 months,VT,web,lenient,50,0.0197,0.0166,7548.0833,6116.2500
Last 12 months,VT,web,stringent,50,0.0014,0.0053,505.5833,1821.0833
Last 12 months,WA,tv,lenient,50,0.0516,0.0750,341725.0098,496176.0733
Last 12 months,WA,tv,stringent,50,0.0106,0.0750,70328.5938,496176.0733
Last 12 months,WA,web,lenient,50,0.0209,0.0173,102060.1667,84886.9167
Last 12 months,WA,web,stringent,50,0.0045,0.0046,22517.1667,22886.8333
Last 12 months,WI,tv,lenient,50,0.0257,0.0898,132072.9195,461792.2003
Last 12 months,WI,tv,stringent,50,0.0040,0.0898,20395.6667,461792.2003
Last 12 months,WI,web,lenient,50,0.0199,0.0169,68081.5000,57458.8333
Last 12 months,WI,web,stringent,50,0.0038,0.0094,13061.4167,31739.3333
Last 12 months,WV,tv,lenient,50,0.0215,0.1237,40059.5377,230186.1969
Last 12 months,WV,tv,stringent,50,0.0045,0.1237,8465.7334,230186.1969
Last 12 months,WV,web,lenient,50,0.0151,0.0168,17645.3333,19936.6667
Last 12 months,WV,web,stringent,50,0.0011,0.0018,1298.4167,2086.6667
Last 12 months,WY,tv,lenient,50,0.0111,0.0728,5026.7281,33466.5481
Last 12 months,WY,tv,stringent,50,0.0013,0.0728,701.6682,33466.5481
Last 12 months,WY,web,lenient,50,0.0271,0.0055,12561.1667,2524.3333
Last 12 months,WY,web,stringent,50,0.0144,0.0036,6392.0833,1655.5833
Last 3 months,AK,tv,lenient,50,0.0784,0.0899,33204.6133,38118.3223
Last 3 months,AK,tv,stringent,50,0.0614,0.0899,26013.3550,38118.3223
Last 3 months,AK,web,lenient,50,0.0297,0.0782,9026.0000,24281.6667
Last 3 months,AK,web,stringent,50,0.0000,0.0589,0.0000,18356.3333
Last 3 months,AL,tv,lenient,50,0.0334,0.1157,135809.5161,470201.5149
Last 3 months,AL,tv,stringent,50,0.0089,0.1157,36091.2904,470201.5149
Last 3 months,AL,web,lenient,50,0.0087,0.0166,21836.0000,41848.0000
Last 3 months,AL,web,stringent,50,0.0021,0.0054,5234.6667,13742.0000
Last 3 months,AR,tv,lenient,50,0.0221,0.1401,53104.5155,336886.7748
Last 3 months,AR,tv,stringent,50,0.0000,0.1401,0.0000,336886.7748
Last 3 months,AR,web,lenient,50,0.0120,0.0249,21278.3333,44151.0000
Last 3 months,AR,web,stringent,50,0.0074,0.0047,13420.6667,8532.3333
Last 3 months,AZ,tv,lenient,50,0.0574,0.0671,346110.0635,404904.3573
Last 3 months,AZ,tv,stringent,50,0.0118,0.0671,70982.5166,404904.3573
Last 3 months,AZ,web,lenient,50,0.0250,0.0192,105861.3333,81521.6667
Last 3 months,AZ,web,stringent,50,0.0079,0.0079,33378.3333,33545.6667
Last 3 months,CA,tv,lenient,50,0.0548,0.0554,1757005.4486,1775892.0632
Last 3 months,CA,tv,stringent,50,0.0138,0.0554,443053.7407,1775892.0632
Last 3 months,CA,web,lenient,50,0.0229,0.0109,517610.6667,244829.3333
Last 3 months,CA,web,stringent,50,0.0083,0.0036,186642.6667,80674.0000
Last 3 months,CO,tv,lenient,50,0.0380,0.0593,169536.7092,264831.6774
Last 3 months,CO,tv,stringent,50,0.0116,0.0593,51751.3226,264831.6774
Last 3 months,CO,web,lenient,50,0.0163,0.0111,60864.3333,40765.3333
Last 3 months,CO,web,stringent,50,0.0057,0.0004,20890.6667,1534.0000
Last 3 months,CT,tv,lenient,50,0.0504,0.0792,150373.4843,236407.8389
Last 3 months,CT,tv,stringent,50,0.0103,0.0792,30889.7416,236407.8389
Last 3 months,CT,web,lenient,50,0.0135,0.0153,30269.3333,34282.3333
Last 3 months,CT,web,stringent,50,0.0035,0.0000,7908.6667,0.0000
Last 3 months,DC,tv,lenient,50,0.0409,0.0000,20098.4836,0.0000
Last 3 months,DC,tv,stringent,50,0.0030,0.0000,1487.7419,0.0000
Last 3 months,DC,web,lenient,50,0.0193,0.0059,4108.6667,1159.3333
Last 3 months,DC,web,stringent,50,0.0073,0.0059,1773.0000,1159.3333
Last 3 months,DE,tv,lenient,50,0.0787,0.0668,65586.7422,55686.5159
Last 3 months,DE,tv,stringent,50,0.0073,0.0668,6124.1289,55686.5159
Last 3 months,DE,web,lenient,50,0.0305,0.0070,26449.3333,6735.3333
Last 3 months,DE,web,stringent,50,0.0144,0.0005,12058.0000,461.6667
Last 3 months,FL,tv,lenient,50,0.0481,0.0905,869956.4513,1637688.4496
Last 3 months,FL,tv,stringent,50,0.0102,0.0905,184465.3873,1637688.4496
Last 3 months,FL,web,lenient,50,0.0139,0.0163,181151.0000,211336.0000
Last 3 months,FL,web,stringent,50,0.0054,0.0018,70031.3333,23927.0000
Last 3 months,GA,tv,lenient,50,0.0474,0.0733,431092.4523,666570.6120
Last 3 months,GA,tv,stringent,50,0.0079,0.0733,71561.3551,666570.6120
Last 3 months,GA,web,lenient,50,0.0124,0.0071,84731.6667,48736.6667
Last 3 months,GA,web,stringent,50,0.0056,0.0035,38114.6667,23738.0000
Last 3 months,HI,tv,lenient,50,0.0412,0.0615,38347.0640,57179.2581
Last 3 months,HI,tv,stringent,50,0.0133,0.0615,12369.0967,57179.2581
Last 3 months,HI,web,lenient,50,0.0124,0.0000,6480.0000,0.0000
Last 3 months,HI,web,stringent,50,0.0002,0.0000,83.0000,0.0000
Last 3 months,IA,tv,lenient,50,0.0368,0.1000,92035.3560,249811.6768
Last 3 months,IA,tv,stringent,50,0.0070,0.1000,17469.7744,249811.6768
Last 3 months,IA,web,lenient,50,0.0106,0.0167,19209.6667,29034.6667
Last 3 months,IA,web,stringent,50,0.0039,0.0050,7156.3333,8324.6667
Last 3 months,ID,tv,lenient,50,0.0235,0.1065,37478.5801,170155.6772
Last 3 months,ID,tv,stringent,50,0.0055,0.1065,8783.2578,170155.6772
Last 3 months,ID,web,lenient,50,0.0164,0.0359,14975.3333,32962.0000
Last 3 months,ID,web,stringent,50,0.0068,0.0145,6983.6667,13146.0000
Last 3 months,IL,tv,lenient,50,0.0418,0.0686,430263.1914,706217.7728
Last 3 months,IL,tv,stringent,50,0.0110,0.0686,113823.0961,706217.7728
Last 3 months,IL,web,lenient,50,0.0155,0.0062,120974.3333,48299.3333
Last 3 months,IL,web,stringent,50,0.0080,0.0022,62420.3333,17253.0000
Last 3 months,IN,tv,lenient,50,0.0268,0.0662,153091.2900,378663.9993
Last 3 months,IN,tv,stringent,50,0.0025,0.0662,14234.0647,378663.9993
Last 3 months,IN,web,lenient,50,0.0157,0.0155,63309.3333,62373.6667
Last 3 months,IN,web,stringent,50,0.0048,0.0047,19783.6667,19295.6667
Last 3 months,KS,tv,lenient,50,0.0326,0.0757,85497.1946,198126.6438
Last 3 months,KS,tv,stringent,50,0.0038,0.0757,9904.8386,198126.6438
Last 3 months,KS,web,lenient,50,0.0111,0.0127,17362.3333,19995.3333
Last 3 months,KS,web,stringent,50,0.0007,0.0005,1164.6667,770.6667
Last 3 months,KY,tv,lenient,50,0.0292,0.0913,107532.2258,336570.7100
Last 3 months,KY,tv,stringent,50,0.0047,0.0913,17147.1936,336570.7100
Last 3 months,KY,web,lenient,50,0.0164,0.0039,42696.3333,9140.3333
Last 3 months,KY,web,stringent,50,0.0039,0.0000,10235.3333,83.0000
Last 3 months,LA,tv,lenient,50,0.0365,0.1135,146497.0641,455026.7079
Last 3 months,LA,tv,stringent,50,0.0150,0.1135,60321.4839,455026.7079
Last 3 months,LA,web,lenient,50,0.0136,0.0089,29213.0000,19097.6667
Last 3 months,LA,web,stringent,50,0.0060,0.0020,12654.0000,4199.3333
Last 3 months,MA,tv,lenient,50,0.0668,0.0451,396874.5163,268324.3875
Last 3 months,MA,tv,stringent,50,0.0174,0.0451,103204.2576,268324.3875
Last 3 months,MA,web,lenient,50,0.0203,0.0026,85574.6667,11256.0000
Last 3 months,MA,web,stringent,50,0.0123,0.0015,51575.3333,6477.3333
Last 3 months,MD,tv,lenient,50,0.0715,0.0485,375140.9035,254311.6443
Last 3 months,MD,tv,stringent,50,0.0144,0.0485,75318.0326,254311.6443
Last 3 months,MD,web,lenient,50,0.0141,0.0100,61973.6667,43831.3333
Last 3 months,MD,web,stringent,50,0.0054,0.0003,23681.0000,1535.3333
Last 3 months,ME,tv,lenient,50,0.0238,0.0671,23324.5171,65683.2251
Last 3 months,ME,tv,stringent,50,0.0000,0.0671,0.0000,65683.2251
Last 3 months,ME,web,lenient,50,0.0272,0.0107,20420.6667,7849.6667
Last 3 months,ME,web,stringent,50,0.0015,0.0000,1154.0000,0.0000
Last 3 months,MI,tv,lenient,50,0.0386,0.0770,327713.3881,653001.7749
Last 3 months,MI,tv,stringent,50,0.0074,0.0770,62780.0645,653001.7749
Last 3 months,MI,web,lenient,50,0.0237,0.0090,139576.3333,52997.6667
Last 3 months,MI,web,stringent,50,0.0061,0.0019,35455.6667,11277.6667
Last 3 months,MN,tv,lenient,50,0.0357,0.0472,153623.9357,202935.1278
Last 3 months,MN,tv,stringent,50,0.0077,0.0472,33077.0970,202935.1278
Last 3 months,MN,web,lenient,50,0.0264,0.0134,90741.6667,46217.3333
Last 3 months,MN,web,stringent,50,0.0061,0.0093,20698.3333,31786.0000
Last 3 months,MO,tv,lenient,50,0.0417,0.0938,216330.5812,486090.0323
Last 3 months,MO,tv,stringent,50,0.0115,0.0938,59674.0964,486090.0323
Last 3 months,MO,web,lenient,50,0.0103,0.0144,41223.6667,57736.6667
Last 3 months,MO,web,stringent,50,0.0049,0.0010,19472.3333,4173.0000
Last 3 months,MS,tv,lenient,50,0.0189,0.0741,41209.2576,161782.9354
Last 3 months,MS,tv,stringent,50,0.0084,0.0741,18302.3545,161782.9354
Last 3 months,MS,web,lenient,50,0.0274,0.0194,54784.0000,37425.6667
Last 3 months,MS,web,stringent,50,0.0123,0.0091,24492.0000,18518.3333
Last 3 months,MT,tv,lenient,50,0.0342,0.2049,23996.3867,143758.9995
Last 3 months,MT,tv,stringent,50,0.0229,0.2049,16043.9995,143758.9995
Last 3 months,MT,web,lenient,50,0.0272,0.0760,18266.3333,49513.3333
Last 3 months,MT,web,stringent,50,0.0207,0.0104,13901.3333,6410.6667
Last 3 months,NC,tv,lenient,50,0.0471,0.0706,435915.0642,653438.3859
Last 3 months,NC,tv,stringent,50,0.0106,0.0706,98170.9675,653438.3859
Last 3 months,NC,web,lenient,50,0.0154,0.0127,87224.0000,71747.3333
Last 3 months,NC,web,stringent,50,0.0058,0.0049,32841.6667,27903.0000
Last 3 months,ND,tv,lenient,50,0.0000,0.0991,0.0000,56230.1619
Last 3 months,ND,tv,stringent,50,0.0000,0.0991,0.0000,56230.1619
Last 3 months,ND,web,lenient,50,0.0402,0.0170,12786.6667,5957.3333
Last 3 months,ND,web,stringent,50,0.0011,0.0170,387.3333,5957.3333
Last 3 months,NE,tv,lenient,50,0.0231,0.1709,36165.9027,267682.8702
Last 3 months,NE,tv,stringent,50,0.0073,0.1709,11445.9677,267682.8702
Last 3 months,NE,web,lenient,50,0.0267,0.0090,28280.3333,10591.6667
Last 3 months,NE,web,stringent,50,0.0132,0.0014,13966.0000,1564.6667
Last 3 months,NH,tv,lenient,50,0.0517,0.0624,57450.9994,69266.3869
Last 3 months,NH,tv,stringent,50,0.0148,0.0624,16411.2581,69266.3869
Last 3 months,NH,web,lenient,50,0.0173,0.0011,19329.6667,1150.0000
Last 3 months,NH,web,stringent,50,0.0053,0.0004,6499.6667,387.3333
Last 3 months,NJ,tv,lenient,50,0.0593,0.0862,494602.5171,718216.1938
Last 3 months,NJ,tv,stringent,50,0.0147,0.0862,122134.0641,718216.1938
Last 3 months,NJ,web,lenient,50,0.0162,0.0097,101805.6667,60944.3333
Last 3 months,NJ,web,stringent,50,0.0049,0.0010,30894.6667,6331.3333
Last 3 months,NM,tv,lenient,50,0.0511,0.0659,84865.3223,109431.9997
Last 3 months,NM,tv,stringent,50,0.0195,0.0659,32342.5806,109431.9997
Last 3 months,NM,web,lenient,50,0.0324,0.0137,27483.6667,12569.3333
Last 3 months,NM,web,stringent,50,0.0246,0.0071,20995.0000,6382.6667
Last 3 months,NV,tv,lenient,50,0.0661,0.1037,171408.0627,268991.6464
Last 3 months,NV,tv,stringent,50,0.0244,0.1037,63339.9998,268991.6464
Last 3 months,NV,web,lenient,50,0.0286,0.0132,46047.3333,19700.3333
Last 3 months,NV,web,stringent,50,0.0083,0.0005,13171.0000,754.6667
Last 3 months,NY,tv,lenient,50,0.0660,0.0681,1063149.4217,1095882.4492
Last 3 months,NY,tv,stringent,50,0.0210,0.0681,337302.5823,1095882.4492
Last 3 months,NY,web,lenient,50,0.0178,0.0084,205056.6667,97069.0000
Last 3 months,NY,web,stringent,50,0.0063,0.0031,72315.6667,36555.6667
Last 3 months,OH,tv,lenient,50,0.0378,0.0915,369168.2911,893491.3534
Last 3 months,OH,tv,stringent,50,0.0110,0.0915,107551.5484,893491.3534
Last 3 months,OH,web,lenient,50,0.0162,0.0106,115406.3333,75123.3333
Last 3 months,OH,web,stringent,50,0.0064,0.0030,45652.3333,21679.6667
Last 3 months,OK,tv,lenient,50,0.0235,0.1075,75329.6129,344966.7744
Last 3 months,OK,tv,stringent,50,0.0064,0.1075,20546.8065,344966.7744
Last 3 months,OK,web,lenient,50,0.0129,0.0236,30686.3333,54965.3333
Last 3 months,OK,web,stringent,50,0.0028,0.0009,6817.0000,2147.6667
Last 3 months,OR,tv,lenient,50,0.0347,0.0800,115811.9682,267170.8053
Last 3 months,OR,tv,stringent,50,0.0083,0.0800,27813.4194,267170.8053
Last 3 months,OR,web,lenient,50,0.0185,0.0192,48828.6667,50423.6667
Last 3 months,OR,web,stringent,50,0.0068,0.0119,18586.3333,30022.0000
Last 3 months,PA,tv,lenient,50,0.0495,0.1001,540127.4840,1091855.5172
Last 3 months,PA,tv,stringent,50,0.0144,0.1001,156819.8401,1091855.5172
Last 3 months,PA,web,lenient,50,0.0171,0.0145,137435.6667,116648.6667
Last 3 months,PA,web,stringent,50,0.0065,0.0059,52599.6667,47001.3333
Last 3 months,RI,tv,lenient,50,0.0492,0.0621,47045.7742,59421.3868
Last 3 months,RI,tv,stringent,50,0.0104,0.0621,9998.3226,59421.3868
Last 3 months,RI,web,lenient,50,0.0652,0.0000,30648.3333,0.0000
Last 3 months,RI,web,stringent,50,0.0129,0.0000,6337.6667,0.0000
Last 3 months,SC,tv,lenient,50,0.0487,0.1022,221653.9675,465039.6439
Last 3 months,SC,tv,stringent,50,0.0139,0.1022,63229.9673,465039.6439
Last 3 months,SC,web,lenient,50,0.0105,0.0076,30896.3333,22214.0000
Last 3 months,SC,web,stringent,50,0.0056,0.0009,16342.3333,2667.0000
Last 3 months,SD,tv,lenient,50,0.0208,0.1663,14917.9355,119461.3550
Last 3 months,SD,tv,stringent,50,0.0100,0.1663,7213.5483,119461.3550
Last 3 months,SD,web,lenient,50,0.0327,0.0335,12417.3333,10334.3333
Last 3 months,SD,web,stringent,50,0.0169,0.0322,6421.0000,9951.0000
Last 3 months,TN,tv,lenient,50,0.0328,0.1097,195536.9362,654099.3562
Last 3 months,TN,tv,stringent,50,0.0059,0.1097,34955.2262,654099.3562
Last 3 months,TN,web,lenient,50,0.0151,0.0357,48768.6667,117593.6667
Last 3 months,TN,web,stringent,50,0.0071,0.0043,23085.6667,14401.0000
Last 3 months,TX,tv,lenient,50,0.0283,0.0639,698978.6123,1582064.0333
Last 3 months,TX,tv,stringent,50,0.0063,0.0639,155391.4840,1582064.0333
Last 3 months,TX,web,lenient,50,0.0120,0.0111,199260.0000,185477.0000
Last 3 months,TX,web,stringent,50,0.0038,0.0042,63444.3333,69341.0000
Last 3 months,UT,tv,lenient,50,0.0234,0.0901,61951.9678,238950.3545
Last 3 months,UT,tv,stringent,50,0.0017,0.0901,4484.9678,238950.3545
Last 3 months,UT,web,lenient,50,0.0140,0.0729,22735.0000,115744.3333
Last 3 months,UT,web,stringent,50,0.0025,0.0010,3957.6667,1543.6667
Last 3 months,VA,tv,lenient,50,0.0520,0.0843,390470.9346,633636.7758
Last 3 months,VA,tv,stringent,50,0.0088,0.0843,66214.8385,633636.7758
Last 3 months,VA,web,lenient,50,0.0221,0.0153,106244.3333,73415.3333
Last 3 months,VA,web,stringent,50,0.0105,0.0023,50567.3333,11100.0000
Last 3 months,VT,tv,lenient,50,0.0767,0.0547,43949.9023,31346.2260
Last 3 months,VT,tv,stringent,50,0.0482,0.0547,27633.8384,31346.2260
Last 3 months,VT,web,lenient,50,0.0288,0.0150,11356.0000,6187.6667
Last 3 months,VT,web,stringent,50,0.0009,0.0000,387.6667,0.0000
Last 3 months,WA,tv,lenient,50,0.0363,0.0575,237592.9364,376774.2899
Last 3 months,WA,tv,stringent,50,0.0037,0.0575,24438.3229,376774.2899
Last 3 months,WA,web,lenient,50,0.0227,0.0240,114283.0000,121260.3333
Last 3 months,WA,web,stringent,50,0.0060,0.0095,30324.0000,48533.3333
Last 3 months,WI,tv,lenient,50,0.0245,0.0837,126182.5802,430446.7724
Last 3 months,WI,tv,stringent,50,0.0033,0.0837,17134.4193,430446.7724
Last 3 months,WI,web,lenient,50,0.0187,0.0116,67571.3333,41699.3333
Last 3 months,WI,web,stringent,50,0.0060,0.0002,21572.3333,786.0000
Last 3 months,WV,tv,lenient,50,0.0166,0.1190,29463.7739,210763.0985
Last 3 months,WV,tv,stringent,50,0.0068,0.1190,12008.2255,210763.0985
Last 3 months,WV,web,lenient,50,0.0098,0.0158,11818.0000,19422.6667
Last 3 months,WV,web,stringent,50,0.0019,0.0005,2322.0000,541.6667
Last 3 months,WY,tv,lenient,50,0.0099,0.1045,4073.5806,43212.1613
Last 3 months,WY,tv,stringent,50,0.0000,0.1045,0.0000,43212.1613
Last 3 months,WY,web,lenient,50,0.0152,0.0160,7020.0000,7341.0000
Last 3 months,WY,web,stringent,50,0.0026,0.0134,1154.6667,6192.0000
Last 6 months,AK,tv,lenient,50,0.0409,0.0680,14520.7228,22606.9451
Last 6 months,AK,tv,stringent,50,0.0153,0.0680,6503.3387,22606.9451
Last 6 months,AK,web,lenient,50,0.0379,0.0695,10389.6667,22800.5000
Last 6 months,AK,web,stringent,50,0.0017,0.0489,400.1667,16088.3333
Last 6 months,AL,tv,lenient,50,0.0379,0.1140,148877.5897,448973.6847
Last 6 months,AL,tv,stringent,50,0.0081,0.1140,32041.5526,448973.6847
Last 6 months,AL,web,lenient,50,0.0089,0.0103,21309.1667,25558.8333
Last 6 months,AL,web,stringent,50,0.0023,0.0032,5437.3333,7985.5000
Last 6 months,AR,tv,lenient,50,0.0366,0.1304,90032.0968,319725.3885
Last 6 months,AR,tv,stringent,50,0.0051,0.1304,12607.1343,319725.3885
Last 6 months,AR,web,lenient,50,0.0081,0.0247,14481.3333,44873.8333
Last 6 months,AR,web,stringent,50,0.0052,0.0041,9280.1667,7496.0000
Last 6 months,AZ,tv,lenient,50,0.0579,0.0661,350620.2131,400238.7020
Last 6 months,AZ,tv,stringent,50,0.0128,0.0661,77276.1129,400238.7020
Last 6 months,AZ,web,lenient,50,0.0243,0.0167,102032.3333,70551.0000
Last 6 months,AZ,web,stringent,50,0.0086,0.0054,36056.0000,22840.5000
Last 6 months,CA,tv,lenient,50,0.0644,0.0568,2063590.5946,1818258.8029
Last 6 months,CA,tv,stringent,50,0.0149,0.0568,476611.4324,1818258.8029
Last 6 months,CA,web,lenient,50,0.0230,0.0092,526686.1667,210332.1667
Last 6 months,CA,web,stringent,50,0.0080,0.0032,181470.0000,72763.6667
Last 6 months,CO,tv,lenient,50,0.0484,0.0554,219573.7626,250561.6915
Last 6 months,CO,tv,stringent,50,0.0126,0.0554,56895.8684,250561.6915
Last 6 months,CO,web,lenient,50,0.0152,0.0114,57980.3333,42927.6667
Last 6 months,CO,web,stringent,50,0.0038,0.0026,14149.1667,9954.3333
Last 6 months,CT,tv,lenient,50,0.0599,0.0809,176289.0020,238386.4996
Last 6 months,CT,tv,stringent,50,0.0122,0.0809,36017.4284,238386.4996
Last 6 months,CT,web,lenient,50,0.0183,0.0142,42811.5000,32408.0000
Last 6 months,CT,web,stringent,50,0.0051,0.0001,11577.3333,235.1667
Last 6 months,DC,tv,lenient,50,0.0531,0.0011,26182.8007,560.5645
Last 6 months,DC,tv,stringent,50,0.0070,0.0011,3440.6452,560.5645
Last 6 months,DC,web,lenient,50,0.0184,0.0061,3929.1667,1222.8333
Last 6 months,DC,web,stringent,50,0.0055,0.0061,1302.3333,1222.8333
Last 6 months,DE,tv,lenient,50,0.0880,0.0583,70558.8430,47071.1407
Last 6 months,DE,tv,stringent,50,0.0152,0.0583,12127.9825,47071.1407
Last 6 months,DE,web,lenient,50,0.0174,0.0109,15166.6667,10285.3333
Last 6 months,DE,web,stringent,50,0.0082,0.0002,6972.6667,230.8333
Last 6 months,FL,tv,lenient,50,0.0495,0.0896,884500.7126,1603126.3630
Last 6 months,FL,tv,stringent,50,0.0096,0.0896,171758.4635,1603126.3630
Last 6 months,FL,web,lenient,50,0.0131,0.0149,168134.1667,191983.3333
Last 6 months,FL,web,stringent,50,0.0040,0.0026,52170.6667,33586.5000
Last 6 months,GA,tv,lenient,50,0.0500,0.0741,459018.6186,679536.7628
Last 6 months,GA,tv,stringent,50,0.0093,0.0741,85151.7312,679536.7628
Last 6 months,GA,web,lenient,50,0.0137,0.0090,91402.0000,60399.5000
Last 6 months,GA,web,stringent,50,0.0061,0.0034,41028.3333,22937.8333
Last 6 months,HI,tv,lenient,50,0.0619,0.0707,55981.2095,63588.9971
Last 6 months,HI,tv,stringent,50,0.0122,0.0707,11070.9692,63588.9971
Last 6 months,HI,web,lenient,50,0.0070,0.0000,3648.1667,0.0000
Last 6 months,HI,web,stringent,50,0.0001,0.0000,41.5000,0.0000
Last 6 months,IA,tv,lenient,50,0.0380,0.0947,96310.1240,240063.9020
Last 6 months,IA,tv,stringent,50,0.0082,0.0947,20789.3380,240063.9020
Last 6 months,IA,web,lenient,50,0.0140,0.0182,22776.8333,29853.3333
Last 6 months,IA,web,stringent,50,0.0031,0.0056,5183.0000,8967.3333
Last 6 months,ID,tv,lenient,50,0.0161,0.1088,26410.5295,179285.6980
Last 6 months,ID,tv,stringent,50,0.0055,0.1088,9037.6409,179285.6980
Last 6 months,ID,web,lenient,50,0.0137,0.0268,12238.8333,23423.3333
Last 6 months,ID,web,stringent,50,0.0036,0.0094,3700.0000,8182.3333
Last 6 months,IL,tv,lenient,50,0.0453,0.0671,457155.7257,678128.9109
Last 6 months,IL,tv,stringent,50,0.0095,0.0671,96163.2189,678128.9109
Last 6 months,IL,web,lenient,50,0.0163,0.0059,127632.3333,46193.8333
Last 6 months,IL,web,stringent,50,0.0077,0.0023,60278.6667,17735.3333
Last 6 months,IN,tv,lenient,50,0.0354,0.0685,202318.7229,391382.1594
Last 6 months,IN,tv,stringent,50,0.0050,0.0685,28459.9393,391382.1594
Last 6 months,IN,web,lenient,50,0.0133,0.0127,54234.5000,51864.8333
Last 6 months,IN,web,stringent,50,0.0034,0.0044,14176.0000,18197.0000
Last 6 months,KS,tv,lenient,50,0.0340,0.0808,88704.6012,210735.0571
Last 6 months,KS,tv,stringent,50,0.0061,0.0808,15931.9159,210735.0571
Last 6 months,KS,web,lenient,50,0.0103,0.0120,15902.0000,19270.6667
Last 6 months,KS,web,stringent,50,0.0018,0.0007,2881.5000,1089.0000
Last 6 months,KY,tv,lenient,50,0.0301,0.0895,109673.0396,325582.8743
Last 6 months,KY,tv,stringent,50,0.0034,0.0895,12609.0176,325582.8743
Last 6 months,KY,web,lenient,50,0.0163,0.0105,41663.5000,25942.1667
Last 6 months,KY,web,stringent,50,0.0061,0.0067,15467.0000,16793.1667
Last 6 months,LA,tv,lenient,50,0.0382,0.1001,154589.7684,405122.9404
Last 6 months,LA,tv,stringent,50,0.0153,0.1001,61887.7170,405122.9404
Last 6 months,LA,web,lenient,50,0.0119,0.0072,26164.1667,15594.3333
Last 6 months,LA,web,stringent,50,0.0039,0.0032,8365.1667,6693.5000
Last 6 months,MA,tv,lenient,50,0.0748,0.0489,443644.0273,289729.6080
Last 6 months,MA,tv,stringent,50,0.0161,0.0489,95499.1392,289729.6080
Last 6 months,MA,web,lenient,50,0.0206,0.0016,86439.8333,7004.3333
Last 6 months,MA,web,stringent,50,0.0120,0.0009,50323.1667,3673.3333
Last 6 months,MD,tv,lenient,50,0.0841,0.0517,442016.8914,271704.8979
Last 6 months,MD,tv,stringent,50,0.0147,0.0517,77184.1891,271704.8979
Last 6 months,MD,web,lenient,50,0.0163,0.0109,70519.0000,47221.0000
Last 6 months,MD,web,stringent,50,0.0063,0.0013,27365.6667,5444.0000
Last 6 months,ME,tv,lenient,50,0.0297,0.0846,32584.1745,92585.8569
Last 6 months,ME,tv,stringent,50,0.0039,0.0846,4396.4094,92585.8569
Last 6 months,ME,web,lenient,50,0.0452,0.0121,32283.5000,8277.3333
Last 6 months,ME,web,stringent,50,0.0070,0.0000,4527.5000,0.0000
Last 6 months,MI,tv,lenient,50,0.0487,0.0741,401764.3448,613100.4745
Last 6 months,MI,tv,stringent,50,0.0087,0.0741,71818.8391,613100.4745
Last 6 months,MI,web,lenient,50,0.0226,0.0104,132756.8333,60723.1667
Last 6 months,MI,web,stringent,50,0.0061,0.0044,36161.6667,25566.5000
Last 6 months,MN,tv,lenient,50,0.0394,0.0510,178584.0845,230854.9601
Last 6 months,MN,tv,stringent,50,0.0076,0.0510,34557.3852,230854.9601
Last 6 months,MN,web,lenient,50,0.0272,0.0162,94520.8333,56444.3333
Last 6 months,MN,web,stringent,50,0.0065,0.0069,22611.1667,23570.6667
Last 6 months,MO,tv,lenient,50,0.0450,0.1015,230582.9594,520208.3212
Last 6 months,MO,tv,stringent,50,0.0112,0.1015,57232.0022,520208.3212
Last 6 months,MO,web,lenient,50,0.0114,0.0163,44607.6667,63532.1667
Last 6 months,MO,web,stringent,50,0.0040,0.0040,15733.3333,15387.0000
Last 6 months,MS,tv,lenient,50,0.0202,0.0864,46071.2338,197146.2782
Last 6 months,MS,tv,stringent,50,0.0053,0.0864,11943.7141,197146.2782
Last 6 months,MS,web,lenient,50,0.0189,0.0164,36853.0000,31175.0000
Last 6 months,MS,web,stringent,50,0.0089,0.0056,17424.0000,11107.3333
Last 6 months,MT,tv,lenient,50,0.0266,0.1499,18375.7858,104906.5395
Last 6 months,MT,tv,stringent,50,0.0057,0.1499,4010.9999,104906.5395
Last 6 months,MT,web,lenient,50,0.0366,0.0585,20579.0000,35415.5000
Last 6 months,MT,web,stringent,50,0.0182,0.0058,10988.3333,3440.5000
Last 6 months,NC,tv,lenient,50,0.0514,0.0727,465870.6875,660106.8097
Last 6 months,NC,tv,stringent,50,0.0090,0.0727,81442.2230,660106.8097
Last 6 months,NC,web,lenient,50,0.0111,0.0150,62685.3333,84868.8333
Last 6 months,NC,web,stringent,50,0.0037,0.0072,21184.6667,40684.5000
Last 6 months,ND,tv,lenient,50,0.0128,0.1126,7360.6672,64644.1406
Last 6 months,ND,tv,stringent,50,0.0000,0.1126,0.0000,64644.1406
Last 6 months,ND,web,lenient,50,0.0458,0.0085,13879.3333,2978.6667
Last 6 months,ND,web,stringent,50,0.0012,0.0085,429.5000,2978.6667
Last 6 months,NE,tv,lenient,50,0.0203,0.1338,32296.8354,212743.7368
Last 6 months,NE,tv,stringent,50,0.0073,0.1338,11678.6311,212743.7368
Last 6 months,NE,web,lenient,50,0.0181,0.0157,19591.6667,18205.6667
Last 6 months,NE,web,stringent,50,0.0070,0.0019,7456.5000,2099.6667
Last 6 months,NH,tv,lenient,50,0.0538,0.0709,58351.1753,76791.7305
Last 6 months,NH,tv,stringent,50,0.0115,0.0709,12518.4976,76791.7305
Last 6 months,NH,web,lenient,50,0.0160,0.0090,17228.5000,9488.8333
Last 6 months,NH,web,stringent,50,0.0029,0.0002,3550.0000,193.6667
Last 6 months,NJ,tv,lenient,50,0.0608,0.0897,513026.2359,756050.3250
Last 6 months,NJ,tv,stringent,50,0.0125,0.0897,105528.1208,756050.3250
Last 6 months,NJ,web,lenient,50,0.0142,0.0104,89153.0000,64882.1667
Last 6 months,NJ,web,stringent,50,0.0039,0.0027,24663.0000,16628.0000
Last 6 months,NM,tv,lenient,50,0.0524,0.0639,86355.2176,105375.3973
Last 6 months,NM,tv,stringent,50,0.0130,0.0639,21468.7182,105375.3973
Last 6 months,NM,web,lenient,50,0.0261,0.0091,22814.3333,8257.6667
Last 6 months,NM,web,stringent,50,0.0170,0.0045,14523.8333,4022.3333
Last 6 months,NV,tv,lenient,50,0.0716,0.0970,188144.4862,254782.3763
Last 6 months,NV,tv,stringent,50,0.0262,0.0970,68872.8428,254782.3763
Last 6 months,NV,web,lenient,50,0.0266,0.0116,43932.1667,18607.6667
Last 6 months,NV,web,stringent,50,0.0085,0.0007,14158.0000,1221.6667
Last 6 months,NY,tv,lenient,50,0.0706,0.0673,1134991.6231,1082278.2741
Last 6 months,NY,tv,stringent,50,0.0201,0.0673,323525.0713,1082278.2741
Last 6 months,NY,web,lenient,50,0.0165,0.0063,191872.8333,73102.0000
Last 6 months,NY,web,stringent,50,0.0058,0.0025,67658.0000,28683.5000
Last 6 months,OH,tv,lenient,50,0.0394,0.0916,387062.1391,899620.8649
Last 6 months,OH,tv,stringent,50,0.0092,0.0916,90204.9034,899620.8649
Last 6 months,OH,web,lenient,50,0.0148,0.0101,104270.1667,71557.1667
Last 6 months,OH,web,stringent,50,0.0053,0.0025,37269.0000,17667.6667
Last 6 months,OK,tv,lenient,50,0.0240,0.1037,78797.2157,340310.1506
Last 6 months,OK,tv,stringent,50,0.0045,0.1037,14634.8976,340310.1506
Last 6 months,OK,web,lenient,50,0.0083,0.0210,19484.1667,47833.5000
Last 6 months,OK,web,stringent,50,0.0019,0.0012,4526.8333,2681.6667
Last 6 months,OR,tv,lenient,50,0.0375,0.0832,131599.7633,292187.3007
Last 6 months,OR,tv,stringent,50,0.0090,0.0832,31533.7372,292187.3007
Last 6 months,OR,web,lenient,50,0.0166,0.0120,42357.0000,31190.0000
Last 6 months,OR,web,stringent,50,0.0049,0.0066,13023.6667,16524.0000
Last 6 months,PA,tv,lenient,50,0.0631,0.1018,698690.5689,1126585.6064
Last 6 months,PA,tv,stringent,50,0.0162,0.1018,179178.7332,1126585.6064
Last 6 months,PA,web,lenient,50,0.0150,0.0126,117479.3333,98350.6667
Last 6 months,PA,web,stringent,50,0.0062,0.0055,48439.1667,42338.0000
Last 6 months,RI,tv,lenient,50,0.0565,0.0608,53862.6802,58030.9339
Last 6 months,RI,tv,stringent,50,0.0130,0.0608,12389.9096,58030.9339
Last 6 months,RI,web,lenient,50,0.0345,0.0000,16004.8333,0.0000
Last 6 months,RI,web,stringent,50,0.0071,0.0000,3404.3333,0.0000
Last 6 months,SC,tv,lenient,50,0.0411,0.1138,183009.5024,505676.1042
Last 6 months,SC,tv,stringent,50,0.0078,0.1138,34729.8120,505676.1042
Last 6 months,SC,web,lenient,50,0.0091,0.0099,25882.1667,27780.3333
Last 6 months,SC,web,stringent,50,0.0038,0.0050,10912.5000,13878.1667
Last 6 months,SD,tv,lenient,50,0.0729,0.1739,52893.4659,124947.2219
Last 6 months,SD,tv,stringent,50,0.0201,0.1739,14427.3547,124947.2219
Last 6 months,SD,web,lenient,50,0.0203,0.0445,8140.6667,17385.3333
Last 6 months,SD,web,stringent,50,0.0092,0.0438,3542.8333,17193.6667
Last 6 months,TN,tv,lenient,50,0.0329,0.1107,193197.5732,650400.9045
Last 6 months,TN,tv,stringent,50,0.0060,0.1107,35271.3266,650400.9045
Last 6 months,TN,web,lenient,50,0.0149,0.0353,47616.8333,115627.8333
Last 6 months,TN,web,stringent,50,0.0083,0.0039,26558.8333,12964.8333
Last 6 months,TX,tv,lenient,50,0.0345,0.0665,843958.3522,1625401.8745
Last 6 months,TX,tv,stringent,50,0.0061,0.0665,149647.3333,1625401.8745
Last 6 months,TX,web,lenient,50,0.0137,0.0114,227245.3333,190475.0000
Last 6 months,TX,web,stringent,50,0.0054,0.0043,90051.0000,70736.5000
Last 6 months,UT,tv,lenient,50,0.0340,0.0888,90445.6855,236371.6527
Last 6 months,UT,tv,stringent,50,0.0018,0.0888,4813.4624,236371.6527
Last 6 months,UT,web,lenient,50,0.0111,0.0904,17733.3333,139558.5000
Last 6 months,UT,web,stringent,50,0.0027,0.0011,4308.3333,1642.6667
Last 6 months,VA,tv,lenient,50,0.0555,0.0864,408300.1626,635783.3794
Last 6 months,VA,tv,stringent,50,0.0088,0.0864,64789.9403,635783.3794
Last 6 months,VA,web,lenient,50,0.0201,0.0134,95539.8333,63333.5000
Last 6 months,VA,web,stringent,50,0.0103,0.0039,48949.3333,18209.5000
Last 6 months,VT,tv,lenient,50,0.0869,0.0569,52493.7851,34555.6095
Last 6 months,VT,tv,stringent,50,0.0365,0.0569,21969.6092,34555.6095
Last 6 months,VT,web,lenient,50,0.0156,0.0098,6086.3333,3736.1667
Last 6 months,VT,web,stringent,50,0.0005,0.0000,193.8333,0.0000
Last 6 months,WA,tv,lenient,50,0.0406,0.0673,269338.8657,446333.6548
Last 6 months,WA,tv,stringent,50,0.0059,0.0673,39416.8891,446333.6548
Last 6 months,WA,web,lenient,50,0.0221,0.0188,111406.1667,95182.8333
Last 6 months,WA,web,stringent,50,0.0058,0.0062,29581.0000,31583.1667
Last 6 months,WI,tv,lenient,50,0.0229,0.0905,118894.4077,468776.3246
Last 6 months,WI,tv,stringent,50,0.0030,0.0905,15540.7967,468776.3246
Last 6 months,WI,web,lenient,50,0.0210,0.0168,73216.3333,58691.5000
Last 6 months,WI,web,stringent,50,0.0044,0.0084,15453.3333,28842.6667
Last 6 months,WV,tv,lenient,50,0.0192,0.1154,35245.0709,210900.5345
Last 6 months,WV,tv,stringent,50,0.0074,0.1154,13614.7120,210900.5345
Last 6 months,WV,web,lenient,50,0.0132,0.0173,16032.5000,21246.5000
Last 6 months,WV,web,stringent,50,0.0013,0.0004,1597.8333,478.5000
Last 6 months,WY,tv,lenient,50,0.0125,0.0938,4842.5499,36941.2931
Last 6 months,WY,tv,stringent,50,0.0007,0.0938,298.6833,36941.2931
Last 6 months,WY,web,lenient,50,0.0293,0.0080,13699.1667,3670.5000
Last 6 months,WY,web,stringent,50,0.0157,0.0067,7050.5000,3096.0000
Since 2016,AK,tv,lenient,50,0.0177,0.0875,7860.4838,35556.1364
Since 2016,AK,tv,stringent,50,0.0041,0.0875,1792.6833,35556.1364
Since 2016,AK,web,lenient,50,0.0189,0.0369,4388.6859,9462.9810
Since 2016,AK,web,stringent,50,0.0069,0.0095,1480.4938,2675.8813
Since 2016,AL,tv,lenient,50,0.0513,0.1143,214376.0187,475217.3649
Since 2016,AL,tv,stringent,50,0.0094,0.1143,39134.2174,475217.3649
Since 2016,AL,web,lenient,50,0.0156,0.0229,31395.8824,45094.8593
Since 2016,AL,web,stringent,50,0.0072,0.0071,14307.8417,14089.5962
Since 2016,AR,tv,lenient,50,0.0348,0.0899,85921.4091,221864.9645
Since 2016,AR,tv,stringent,50,0.0071,0.0899,17835.7818,221864.9645
Since 2016,AR,web,lenient,50,0.0168,0.0309,22539.5465,42440.8298
Since 2016,AR,web,stringent,50,0.0063,0.0079,8443.0483,10615.2433
Since 2016,AZ,tv,lenient,50,0.0629,0.0777,342430.0061,419473.9107
Since 2016,AZ,tv,stringent,50,0.0124,0.0777,66546.3903,419473.9107
Since 2016,AZ,web,lenient,50,0.0250,0.0250,79691.4906,78289.0503
Since 2016,AZ,web,stringent,50,0.0097,0.0099,30881.0440,30798.2310
Since 2016,CA,tv,lenient,50,0.0736,0.0586,2368851.7033,1885095.0628
Since 2016,CA,tv,stringent,50,0.0148,0.0586,475814.0181,1885095.0628
Since 2016,CA,web,lenient,50,0.0271,0.0132,489284.9674,233371.4742
Since 2016,CA,web,stringent,50,0.0101,0.0052,181096.2237,90881.9344
Since 2016,CO,tv,lenient,50,0.0549,0.0774,243331.8982,343179.7895
Since 2016,CO,tv,stringent,50,0.0125,0.0774,55572.4170,343179.7895
Since 2016,CO,web,lenient,50,0.0218,0.0201,72758.3797,64486.4325
Since 2016,CO,web,stringent,50,0.0079,0.0078,26000.8120,25208.3840
Since 2016,CT,tv,lenient,50,0.0777,0.0777,226167.7152,226527.8034
Since 2016,CT,tv,stringent,50,0.0206,0.0777,59831.8889,226527.8034
Since 2016,CT,web,lenient,50,0.0228,0.0241,33391.2815,35293.3421
Since 2016,CT,web,stringent,50,0.0084,0.0117,12109.6205,16287.6144
Since 2016,DC,tv,lenient,50,0.1260,0.0155,71275.0818,8748.9488
Since 2016,DC,tv,stringent,50,0.0369,0.0155,21021.1002,8748.9488
Since 2016,DC,web,lenient,50,0.0387,0.0048,9951.0398,1216.4581
Since 2016,DC,web,stringent,50,0.0212,0.0026,5362.5285,621.5891
Since 2016,DE,tv,lenient,50,0.0730,0.0747,57441.7763,58867.7761
Since 2016,DE,tv,stringent,50,0.0109,0.0747,8573.8414,58867.7761
Since 2016,DE,web,lenient,50,0.0156,0.0417,9265.5078,22944.2398
Since 2016,DE,web,stringent,50,0.0056,0.0084,3442.1274,4721.9362
Since 2016,FL,tv,lenient,50,0.0665,0.0945,1174587.3989,1670675.5320
Since 2016,FL,tv,stringent,50,0.0149,0.0945,264425.5223,1670675.5320
Since 2016,FL,web,lenient,50,0.0172,0.0191,177815.0669,197608.9859
Since 2016,FL,web,stringent,50,0.0070,0.0063,71381.1048,63760.5448
Since 2016,GA,tv,lenient,50,0.0637,0.0874,564355.4404,770643.8382
Since 2016,GA,tv,stringent,50,0.0114,0.0874,100803.8216,770643.8382
Since 2016,GA,web,lenient,50,0.0177,0.0155,91761.1607,79927.5395
Since 2016,GA,web,stringent,50,0.0074,0.0055,38188.3907,28537.4443
Since 2016,HI,tv,lenient,50,0.0589,0.0877,65954.6834,97854.1899
Since 2016,HI,tv,stringent,50,0.0103,0.0877,11705.7982,97854.1899
Since 2016,HI,web,lenient,50,0.0192,0.0102,7691.0130,4240.3264
Since 2016,HI,web,stringent,50,0.0087,0.0049,3361.6153,2222.0631
Since 2016,IA,tv,lenient,50,0.0303,0.0715,78025.8422,182369.4900
Since 2016,IA,tv,stringent,50,0.0059,0.0715,15196.4901,182369.4900
Since 2016,IA,web,lenient,50,0.0194,0.0184,28290.9757,26825.8521
Since 2016,IA,web,stringent,50,0.0070,0.0061,10071.1937,8647.1179
Since 2016,ID,tv,lenient,50,0.0249,0.1049,33470.4854,140901.2004
Since 2016,ID,tv,stringent,50,0.0070,0.1049,9324.9101,140901.2004
Since 2016,ID,web,lenient,50,0.0247,0.0318,17274.0642,22470.3252
Since 2016,ID,web,stringent,50,0.0093,0.0097,6628.0387,6916.9653
Since 2016,IL,tv,lenient,50,0.0580,0.0650,606676.3212,680577.7327
Since 2016,IL,tv,stringent,50,0.0127,0.0650,133180.8789,680577.7327
Since 2016,IL,web,lenient,50,0.0200,0.0117,125100.1098,70793.7695
Since 2016,IL,web,stringent,50,0.0086,0.0045,53104.9870,26625.3344
Since 2016,IN,tv,lenient,50,0.0420,0.0765,230453.4638,420816.7024
Since 2016,IN,tv,stringent,50,0.0118,0.0765,64805.9740,420816.7024
Since 2016,IN,web,lenient,50,0.0173,0.0169,55643.6862,53590.6809
Since 2016,IN,web,stringent,50,0.0071,0.0055,22771.5136,17446.8052
Since 2016,KS,tv,lenient,50,0.0392,0.0793,101098.8106,204905.3408
Since 2016,KS,tv,stringent,50,0.0090,0.0793,23168.8893,204905.3408
Since 2016,KS,web,lenient,50,0.0170,0.0265,22594.8861,34662.7319
Since 2016,KS,web,stringent,50,0.0050,0.0065,6624.6583,8387.2621
Since 2016,KY,tv,lenient,50,0.0381,0.0968,141992.6419,358718.8405
Since 2016,KY,tv,stringent,50,0.0083,0.0968,30559.5898,358718.8405
Since 2016,KY,web,lenient,50,0.0174,0.0147,33451.8283,28290.1743
Since 2016,KY,web,stringent,50,0.0078,0.0053,14960.0511,10517.6156
Since 2016,LA,tv,lenient,50,0.0514,0.0925,187604.6329,340863.2515
Since 2016,LA,tv,stringent,50,0.0130,0.0925,47602.2396,340863.2515
Since 2016,LA,web,lenient,50,0.0148,0.0225,25964.6145,39089.3415
Since 2016,LA,web,stringent,50,0.0063,0.0079,10976.3623,13934.8253
Since 2016,MA,tv,lenient,50,0.0906,0.0569,520465.7148,327339.2005
Since 2016,MA,tv,stringent,50,0.0164,0.0569,94202.5594,327339.2005
Since 2016,MA,web,lenient,50,0.0272,0.0151,92622.2149,50177.8827
Since 2016,MA,web,stringent,50,0.0114,0.0054,38870.7682,16974.2427
Since 2016,MD,tv,lenient,50,0.1001,0.0729,514820.5155,374951.6395
Since 2016,MD,tv,stringent,50,0.0180,0.0729,92491.4623,374951.6395
Since 2016,MD,web,lenient,50,0.0232,0.0199,74492.0454,64490.3181
Since 2016,MD,web,stringent,50,0.0088,0.0063,27901.4376,19898.8642
Since 2016,ME,tv,lenient,50,0.0354,0.0745,38918.8276,84993.8994
Since 2016,ME,tv,stringent,50,0.0076,0.0745,8460.2845,84993.8994
Since 2016,ME,web,lenient,50,0.0352,0.0167,25310.5310,11826.2782
Since 2016,ME,web,stringent,50,0.0100,0.0052,7178.1132,3645.0804
Since 2016,MI,tv,lenient,50,0.0498,0.0770,404074.5026,626277.0429
Since 2016,MI,tv,stringent,50,0.0130,0.0770,105673.2945,626277.0429
Since 2016,MI,web,lenient,50,0.0203,0.0208,99699.4535,99539.0087
Since 2016,MI,web,stringent,50,0.0096,0.0075,46617.9583,36435.8527
Since 2016,MN,tv,lenient,50,0.0511,0.0595,238220.4855,277231.0749
Since 2016,MN,tv,stringent,50,0.0115,0.0595,53797.3437,277231.0749
Since 2016,MN,web,lenient,50,0.0210,0.0201,60803.8394,58557.1425
Since 2016,MN,web,stringent,50,0.0090,0.0089,25661.8338,26116.2953
Since 2016,MO,tv,lenient,50,0.0408,0.0811,209081.1572,414161.1577
Since 2016,MO,tv,stringent,50,0.0103,0.0811,52687.9060,414161.1577
Since 2016,MO,web,lenient,50,0.0189,0.0210,61108.2271,68334.4713
Since 2016,MO,web,stringent,50,0.0071,0.0091,22304.5372,29951.9794
Since 2016,MS,tv,lenient,50,0.0468,0.0952,102215.4086,214103.5922
Since 2016,MS,tv,stringent,50,0.0167,0.0952,36561.3358,214103.5922
Since 2016,MS,web,lenient,50,0.0145,0.0199,19232.6514,23909.8015
Since 2016,MS,web,stringent,50,0.0058,0.0065,7649.3164,8173.2487
Since 2016,MT,tv,lenient,50,0.0334,0.1112,24373.2208,78855.2710
Since 2016,MT,tv,stringent,50,0.0161,0.1112,11248.1238,78855.2710
Since 2016,MT,web,lenient,50,0.0244,0.0220,10417.4283,10369.2393
Since 2016,MT,web,stringent,50,0.0133,0.0089,5787.5346,4029.4200
Since 2016,NC,tv,lenient,50,0.0546,0.0843,478052.7202,739101.7662
Since 2016,NC,tv,stringent,50,0.0125,0.0843,109104.2529,739101.7662
Since 2016,NC,web,lenient,50,0.0223,0.0180,103279.8029,83150.6543
Since 2016,NC,web,stringent,50,0.0101,0.0074,46460.5369,34431.9698
Since 2016,ND,tv,lenient,50,0.0244,0.1168,13737.9991,61338.3281
Since 2016,ND,tv,stringent,50,0.0046,0.1168,2665.1767,61338.3281
Since 2016,ND,web,lenient,50,0.0180,0.0295,5126.1564,8137.4084
Since 2016,ND,web,stringent,50,0.0055,0.0096,1586.6177,2708.1088
Since 2016,NE,tv,lenient,50,0.0308,0.0793,57942.3801,144953.5429
Since 2016,NE,tv,stringent,50,0.0053,0.0793,9904.2391,144953.5429
Since 2016,NE,web,lenient,50,0.0197,0.0319,17772.4652,28242.4534
Since 2016,NE,web,stringent,50,0.0078,0.0110,7100.7610,9850.6869
Since 2016,NH,tv,lenient,50,0.0571,0.0989,63809.6762,108991.8385
Since 2016,NH,tv,stringent,50,0.0117,0.0989,13095.1952,108991.8385
Since 2016,NH,web,lenient,50,0.0184,0.0170,16851.9615,15381.3427
Since 2016,NH,web,stringent,50,0.0058,0.0051,5461.4803,4583.9895
Since 2016,NJ,tv,lenient,50,0.0893,0.0843,704103.7403,668853.4914
Since 2016,NJ,tv,stringent,50,0.0159,0.0843,125130.5462,668853.4914
Since 2016,NJ,web,lenient,50,0.0198,0.0174,96545.6516,85057.3078
Since 2016,NJ,web,stringent,50,0.0079,0.0047,38108.3023,22964.3734
Since 2016,NM,tv,lenient,50,0.0499,0.0741,85860.0451,127332.5036
Since 2016,NM,tv,stringent,50,0.0111,0.0741,19151.4379,127332.5036
Since 2016,NM,web,lenient,50,0.0255,0.0202,17927.8361,14467.0078
Since 2016,NM,web,stringent,50,0.0119,0.0087,8459.9588,6263.8519
Since 2016,NV,tv,lenient,50,0.0662,0.1073,162581.9352,262561.0055
Since 2016,NV,tv,stringent,50,0.0173,0.1073,42743.2561,262561.0055
Since 2016,NV,web,lenient,50,0.0178,0.0171,23630.2018,22078.7527
Since 2016,NV,web,stringent,50,0.0070,0.0052,9286.5427,6642.3029
Since 2016,NY,tv,lenient,50,0.0833,0.0654,1318609.5697,1033795.5517
Since 2016,NY,tv,stringent,50,0.0171,0.0654,270868.3087,1033795.5517
Since 2016,NY,web,lenient,50,0.0262,0.0092,238522.0850,84328.8873
Since 2016,NY,web,stringent,50,0.0116,0.0031,104542.3508,28984.0819
Since 2016,OH,tv,lenient,50,0.0486,0.0817,467537.4239,787113.8060
Since 2016,OH,tv,stringent,50,0.0107,0.0817,103141.0846,787113.8060
Since 2016,OH,web,lenient,50,0.0173,0.0156,97515.0565,87113.0021
Since 2016,OH,web,stringent,50,0.0068,0.0067,38443.3471,37430.8463
Since 2016,OK,tv,lenient,50,0.0348,0.0865,114887.1907,285705.1785
Since 2016,OK,tv,stringent,50,0.0061,0.0865,20307.0740,285705.1785
Since 2016,OK,web,lenient,50,0.0161,0.0222,26428.8395,36399.3142
Since 2016,OK,web,stringent,50,0.0063,0.0105,10117.4342,16921.1761
Since 2016,OR,tv,lenient,50,0.0541,0.0722,188459.4220,250456.7681
Since 2016,OR,tv,stringent,50,0.0141,0.0722,49353.3530,250456.7681
Since 2016,OR,web,lenient,50,0.0293,0.0216,61736.6878,45112.4265
Since 2016,OR,web,stringent,50,0.0156,0.0078,33323.3934,16108.4758
Since 2016,PA,tv,lenient,50,0.0638,0.0897,677829.8363,954002.3793
Since 2016,PA,tv,stringent,50,0.0148,0.0897,156757.2760,954002.3793
Since 2016,PA,web,lenient,50,0.0195,0.0184,127764.9949,121334.1965
Since 2016,PA,web,stringent,50,0.0087,0.0062,56993.4247,41000.9084
Since 2016,RI,tv,lenient,50,0.0630,0.0568,56222.0108,51088.2662
Since 2016,RI,tv,stringent,50,0.0164,0.0568,14559.3188,51088.2662
Since 2016,RI,web,lenient,50,0.0286,0.0126,10737.1909,4859.0756
Since 2016,RI,web,stringent,50,0.0129,0.0062,4816.1022,2446.1466
Since 2016,SC,tv,lenient,50,0.0500,0.0926,217486.8865,406221.1553
Since 2016,SC,tv,stringent,50,0.0115,0.0926,49956.6687,406221.1553
Since 2016,SC,web,lenient,50,0.0155,0.0170,34429.2430,36361.8270
Since 2016,SC,web,stringent,50,0.0061,0.0049,13311.4298,10321.4605
Since 2016,SD,tv,lenient,50,0.0304,0.0909,20159.2499,60197.0007
Since 2016,SD,tv,stringent,50,0.0102,0.0909,6918.4979,60197.0007
Since 2016,SD,web,lenient,50,0.0234,0.0393,6676.5011,11125.9443
Since 2016,SD,web,stringent,50,0.0090,0.0238,2360.1667,7339.6368
Since 2016,TN,tv,lenient,50,0.0402,0.1036,222733.1654,576158.8436
Since 2016,TN,tv,stringent,50,0.0079,0.1036,43465.9614,576158.8436
Since 2016,TN,web,lenient,50,0.0205,0.0233,51913.2096,60375.2268
Since 2016,TN,web,stringent,50,0.0085,0.0062,21828.8381,15607.6304
Since 2016,TX,tv,lenient,50,0.0464,0.0697,1119214.2230,1671772.2218
Since 2016,TX,tv,stringent,50,0.0079,0.0697,189302.7187,1671772.2218
Since 2016,TX,web,lenient,50,0.0178,0.0226,223688.0000,275552.3496
Since 2016,TX,web,stringent,50,0.0070,0.0083,87638.6425,100920.8818
Since 2016,UT,tv,lenient,50,0.0375,0.0821,92451.7011,203497.1316
Since 2016,UT,tv,stringent,50,0.0057,0.0821,13973.0871,203497.1316
Since 2016,UT,web,lenient,50,0.0238,0.1073,20259.4099,101730.1722
Since 2016,UT,web,stringent,50,0.0064,0.0060,5705.7246,6138.1319
Since 2016,VA,tv,lenient,50,0.0680,0.0921,481146.4095,651699.5601
Since 2016,VA,tv,stringent,50,0.0126,0.0921,88923.4076,651699.5601
Since 2016,VA,web,lenient,50,0.0246,0.0239,95229.1827,91792.5391
Since 2016,VA,web,stringent,50,0.0109,0.0066,42449.2525,25550.4599
Since 2016,VT,tv,lenient,50,0.0709,0.0563,34003.4307,26540.1253
Since 2016,VT,tv,stringent,50,0.0249,0.0563,12106.1347,26540.1253
Since 2016,VT,web,lenient,50,0.0343,0.0175,9524.5256,4691.7371
Since 2016,VT,web,stringent,50,0.0103,0.0077,2591.8769,1847.0659
Since 2016,WA,tv,lenient,50,0.0647,0.0684,396713.9377,421532.3876
Since 2016,WA,tv,stringent,50,0.0156,0.0684,95497.1370,421532.3876
Since 2016,WA,web,lenient,50,0.0245,0.0226,93254.2087,86247.0724
Since 2016,WA,web,stringent,50,0.0099,0.0066,36525.4282,24736.7464
Since 2016,WI,tv,lenient,50,0.0388,0.0736,190423.6838,362958.2744
Since 2016,WI,tv,stringent,50,0.0087,0.0736,42440.4728,362958.2744
Since 2016,WI,web,lenient,50,0.0217,0.0242,61467.0080,67814.4915
Since 2016,WI,web,stringent,50,0.0089,0.0090,24652.8086,25384.0990
Since 2016,WV,tv,lenient,50,0.0344,0.1248,61633.2639,223205.4005
Since 2016,WV,tv,stringent,50,0.0059,0.1248,10554.9225,223205.4005
Since 2016,WV,web,lenient,50,0.0151,0.0152,14018.5054,14329.2764
Since 2016,WV,web,stringent,50,0.0053,0.0059,4722.6808,5408.3404
Since 2016,WY,tv,lenient,50,0.0320,0.0842,15946.1314,41435.3175
Since 2016,WY,tv,stringent,50,0.0086,0.0842,4354.8650,41435.3175
Since 2016,WY,web,lenient,50,0.0203,0.0208,6302.6838,5902.9194
Since 2016,WY,web,stringent,50,0.0097,0.0089,3186.9869,2537.9542
