state,year,month,medium,diet_threshold,partisanship_scenario,value,left_pct,right_pct
AK,2015,1,online,50,lenient,9.109579192,0.433,0.733
AK,2015,1,online,50,strict,2.451208365,0.267,0.050
AK,2015,1,online,75,lenient,-1.088549911,0.783,0.700
AK,2015,1,online,75,strict,-0.2963727628,0.817,0.383
AK,2015,1,tv,50,lenient,0.3730023641,0.733,0.783
AK,2015,1,tv,50,strict,6.18753388,0.383,0.367
AK,2015,1,tv,75,lenient,0.7605413486,0.533,0.200
AK,2015,1,tv,75,strict,-0.5737396004,0.633,0.650
AK,2015,2,online,50,lenient,-1.290433226,0.367,0.300
AK,2015,2,online,50,strict,1.398507298,0.333,0.700
AK,2015,2,online,75,lenient,1.384108915,0.750,0.667
AK,2015,2,online,75,strict,-0.4314555533,0.783,0.700
AK,2015,2,tv,50,lenient,15.80840426,0.400,0.333
AK,2015,2,tv,50,strict,4.609547423,0.583,0.050
AK,2015,2,tv,75,lenient,4.328722264,0.067,0.067
AK,2015,2,tv,75,strict,2.228142103,0.600,0.750
AK,2015,3,online,50,lenient,2.717027031,0.283,0.667
AK,2015,3,online,50,strict,0.2939932799,0.750,0.800
AK,2015,3,online,75,lenient,0.5481934049,0.567,0.217
AK,2015,3,online,75,strict,0.8234958976,0.033,0.617
AK,2015,3,tv,50,lenient,-4.739081865,0.300,0.400
AK,2015,3,tv,50,strict,-0.7386524276,0.517,0.550
AK,2015,3,tv,75,lenient,-1.706707418,0.583,0.583
AK,2015,3,tv,75,strict,0.6241617933,0.583,0.483
AK,2015,4,online,50,lenient,3.631493961,0.150,0.383
AK,2015,4,online,50,strict,1.192984134,0.067,0.650
AK,2015,4,online,75,lenient,-2.20955879,0.467,0.117
AK,2015,4,online,75,strict,0.8528858384,0.317,0.200
AK,2015,4,tv,50,lenient,-3.197116536,0.083,0.817
AK,2015,4,tv,50,strict,-1.083843493,0.833,0.250
AK,2015,4,tv,75,lenient,5.429902898,0.533,0.600
AK,2015,4,tv,75,strict,-2.068253616,0.317,0.500
AL,2015,1,online,50,lenient,-2.938411916,0.033,0.383
AL,2015,1,online,50,strict,-1.148253071,0.483,0.267
AL,2015,1,online,75,lenient,1.351769525,0.317,0.833
AL,2015,1,online,75,strict,0.1719201747,0.217,0.083
AL,2015,1,tv,50,lenient,-5.226288307,0.500,0.650
AL,2015,1,tv,50,strict,2.431120301,0.200,0.667
AL,2015,1,tv,75,lenient,1.297922041,0.500,0.283
AL,2015,1,tv,75,strict,-0.780114119,0.067,0.450
AL,2015,2,online,50,lenient,-0.6833406534,0.717,0.650
AL,2015,2,online,50,strict,1.442296102,0.483,0.067
AL,2015,2,online,75,lenient,1.265049471,0.200,0.133
AL,2015,2,online,75,strict,-0.4983761781,0.283,0.250
AL,2015,2,tv,50,lenient,1.639169744,0.783,0.483
AL,2015,2,tv,50,strict,3.437936871,0.617,0.683
AL,2015,2,tv,75,lenient,3.1170349,0.433,0.650
AL,2015,2,tv,75,strict,2.014114538,0.417,0.067
AL,2015,3,online,50,lenient,5.947651506,0.433,0.450
AL,2015,3,online,50,strict,0.02695702432,0.267,0.083
AL,2015,3,online,75,lenient,-0.2657121258,0.450,0.100
AL,2015,3,online,75,strict,0.7012798791,0.550,0.550
AL,2015,3,tv,50,lenient,-2.629806237,0.417,0.617
AL,2015,3,tv,50,strict,6.449499798,0.500,0.583
AL,2015,3,tv,75,lenient,1.358682508,0.383,0.167
AL,2015,3,tv,75,strict,0.07766447363,0.500,0.633
AL,2015,4,online,50,lenient,-5.262817258,0.433,0.433
AL,2015,4,online,50,strict,3.042694903,0.617,0.283
AL,2015,4,online,75,lenient,0.7885468068,0.783,0.683
AL,2015,4,online,75,strict,1.141624072,0.200,0.617
AL,2015,4,tv,50,lenient,3.841237291,0.517,0.200
AL,2015,4,tv,50,strict,5.632557749,0.617,0.267
AL,2015,4,tv,75,lenient,-1.780986446,0.083,0.600
AL,2015,4,tv,75,strict,-0.9812091426,0.600,0.217
AR,2015,1,online,50,lenient,-1.36115341,0.833,0.033
AR,2015,1,online,50,strict,2.045210241,0.067,0.500
AR,2015,1,online,75,lenient,0.3772712369,0.833,0.267
AR,2015,1,online,75,strict,-0.5645391792,0.567,0.233
AR,2015,1,tv,50,lenient,1.748146504,0.317,0.550
AR,2015,1,tv,50,strict,7.496389772,0.367,0.350
AR,2015,1,tv,75,lenient,-2.859987276,0.550,0.833
AR,2015,1,tv,75,strict,2.474269065,0.183,0.183
AR,2015,2,online,50,lenient,4.165731662,0.117,0.517
AR,2015,2,online,50,strict,2.462798668,0.217,0.433
AR,2015,2,online,75,lenient,0.07368757942,0.167,0.033
AR,2015,2,online,75,strict,-0.3909650926,0.250,0.267
AR,2015,2,tv,50,lenient,-2.454430882,0.300,0.550
AR,2015,2,tv,50,strict,3.74749436,0.400,0.333
AR,2015,2,tv,75,lenient,-4.121193479,0.617,0.183
AR,2015,2,tv,75,strict,2.619063367,0.617,0.500
AR,2015,3,online,50,lenient,-4.271840615,0.400,0.383
AR,2015,3,online,50,strict,0.6099776628,0.050,0.333
AR,2015,3,online,75,lenient,-1.113722522,0.700,0.317
AR,2015,3,online,75,strict,-0.03584200676,0.050,0.717
AR,2015,3,tv,50,lenient,-12.09610605,0.550,0.417
AR,2015,3,tv,50,strict,5.560296858,0.617,0.667
AR,2015,3,tv,75,lenient,3.9584782,0.483,0.783
AR,2015,3,tv,75,strict,0.4188350053,0.750,0.167
AR,2015,4,online,50,lenient,3.42064047,0.250,0.767
AR,2015,4,online,50,strict,-1.789122461,0.267,0.650
AR,2015,4,online,75,lenient,-0.6550110386,0.350,0.367
AR,2015,4,online,75,strict,-0.4522427314,0.367,0.767
AR,2015,4,tv,50,lenient,-0.8142765577,0.317,0.483
AR,2015,4,tv,50,strict,-4.48612818,0.200,0.217
AR,2015,4,tv,75,lenient,2.000395009,0.583,0.400
AR,2015,4,tv,75,strict,0.2086210982,0.317,0.583
AZ,2015,1,online,50,lenient,1.7580508,0.383,0.767
AZ,2015,1,online,50,strict,0.6823996853,0.300,0.367
AZ,2015,1,online,75,lenient,-0.9711443047,0.233,0.200
AZ,2015,1,online,75,strict,0.1455123784,0.633,0.317
AZ,2015,1,tv,50,lenient,9.441873257,0.067,0.650
AZ,2015,1,tv,50,strict,3.444678949,0.733,0.533
AZ,2015,1,tv,75,lenient,0.438043923,0.783,0.317
AZ,2015,1,tv,75,strict,0.6810193952,0.633,0.750
AZ,2015,2,online,50,lenient,1.861025358,0.750,0.817
AZ,2015,2,online,50,strict,0.4271387435,0.100,0.133
AZ,2015,2,online,75,lenient,1.701687493,0.267,0.567
AZ,2015,2,online,75,strict,0.04958131244,0.300,0.050
AZ,2015,2,tv,50,lenient,-4.573092545,0.150,0.033
AZ,2015,2,tv,50,strict,7.465316776,0.567,0.133
AZ,2015,2,tv,75,lenient,-1.554287057,0.450,0.767
AZ,2015,2,tv,75,strict,1.033878323,0.650,0.783
AZ,2015,3,online,50,lenient,2.590572545,0.267,0.633
AZ,2015,3,online,50,strict,-1.113928483,0.817,0.183
AZ,2015,3,online,75,lenient,2.222501898,0.067,0.200
AZ,2015,3,online,75,strict,0.01708099,0.400,0.583
AZ,2015,3,tv,50,lenient,-7.865797171,0.400,0.233
AZ,2015,3,tv,50,strict,8.899291898,0.100,0.317
AZ,2015,3,tv,75,lenient,0.5820146153,0.100,0.583
AZ,2015,3,tv,75,strict,0.1941583881,0.583,0.617
AZ,2015,4,online,50,lenient,6.131903469,0.700,0.033
AZ,2015,4,online,50,strict,-1.398988698,0.417,0.417
AZ,2015,4,online,75,lenient,2.730694206,0.350,0.150
AZ,2015,4,online,75,strict,1.002656684,0.700,0.250
AZ,2015,4,tv,50,lenient,-7.649454842,0.800,0.717
AZ,2015,4,tv,50,strict,4.881802755,0.800,0.533
AZ,2015,4,tv,75,lenient,3.64825435,0.500,0.483
AZ,2015,4,tv,75,strict,-0.4653675152,0.283,0.533
CA,2015,1,online,50,lenient,1.52748535,0.350,0.683
CA,2015,1,online,50,strict,4.03682795,0.567,0.367
CA,2015,1,online,75,lenient,0.6059478941,0.633,0.717
CA,2015,1,online,75,strict,-0.08485983396,0.200,0.267
CA,2015,1,tv,50,lenient,3.730255596,0.383,0.500
CA,2015,1,tv,50,strict,2.376538918,0.783,0.267
CA,2015,1,tv,75,lenient,4.594975338,0.633,0.767
CA,2015,1,tv,75,strict,-1.33324175,0.267,0.583
CA,2015,2,online,50,lenient,2.659309046,0.333,0.183
CA,2015,2,online,50,strict,-0.08656765557,0.233,0.817
CA,2015,2,online,75,lenient,0.7028839724,0.117,0.333
CA,2015,2,online,75,strict,1.314962507,0.033,0.367
CA,2015,2,tv,50,lenient,15.88884916,0.567,0.617
CA,2015,2,tv,50,strict,4.858498094,0.083,0.417
CA,2015,2,tv,75,lenient,0.310013312,0.117,0.200
CA,2015,2,tv,75,strict,3.059721488,0.767,0.450
CA,2015,3,online,50,lenient,-0.8196233472,0.683,0.667
CA,2015,3,online,50,strict,3.29752877,0.200,0.167
CA,2015,3,online,75,lenient,1.027117142,0.150,0.467
CA,2015,3,online,75,strict,1.30232252,0.783,0.467
CA,2015,3,tv,50,lenient,5.016226487,0.767,0.600
CA,2015,3,tv,50,strict,2.912816179,0.600,0.750
CA,2015,3,tv,75,lenient,3.454730618,0.300,0.550
CA,2015,3,tv,75,strict,-0.2643473953,0.750,0.267
CA,2015,4,online,50,lenient,2.895410326,0.283,0.267
CA,2015,4,online,50,strict,3.204130798,0.717,0.333
CA,2015,4,online,75,lenient,0.01938442977,0.650,0.467
CA,2015,4,online,75,strict,0.6794438629,0.717,0.300
CA,2015,4,tv,50,lenient,3.509391246,0.750,0.417
CA,2015,4,tv,50,strict,2.499614209,0.383,0.067
CA,2015,4,tv,75,lenient,3.515090611,0.817,0.250
CA,2015,4,tv,75,strict,-1.875652497,0.033,0.567
CO,2015,1,online,50,lenient,5.090775805,0.583,0.150
CO,2015,1,online,50,strict,-1.042156157,0.617,0.117
CO,2015,1,online,75,lenient,2.614413809,0.217,0.567
CO,2015,1,online,75,strict,0.3035867327,0.067,0.783
CO,2015,1,tv,50,lenient,-2.875294817,0.667,0.183
CO,2015,1,tv,50,strict,4.634861485,0.600,0.650
CO,2015,1,tv,75,lenient,-4.432420885,0.700,0.183
CO,2015,1,tv,75,strict,0.6608270466,0.517,0.083
CO,2015,2,online,50,lenient,3.313627996,0.250,0.100
CO,2015,2,online,50,strict,1.063913352,0.483,0.383
CO,2015,2,online,75,lenient,-0.09213464172,0.317,0.383
CO,2015,2,online,75,strict,-0.1191844973,0.217,0.767
CO,2015,2,tv,50,lenient,7.149669862,0.333,0.117
CO,2015,2,tv,50,strict,0.2372527287,0.033,0.400
CO,2015,2,tv,75,lenient,2.593300537,0.783,0.550
CO,2015,2,tv,75,strict,-0.62426462,0.533,0.417
CO,2015,3,online,50,lenient,5.100273016,0.550,0.183
CO,2015,3,online,50,strict,0.8390382852,0.800,0.133
CO,2015,3,online,75,lenient,2.264678665,0.583,0.483
CO,2015,3,online,75,strict,1.450521064,0.617,0.350
CO,2015,3,tv,50,lenient,15.09424376,0.467,0.550
CO,2015,3,tv,50,strict,-3.608897539,0.633,0.317
CO,2015,3,tv,75,lenient,2.173585998,0.833,0.833
CO,2015,3,tv,75,strict,-1.938090276,0.783,0.017
CO,2015,4,online,50,lenient,2.15375094,0.117,0.250
CO,2015,4,online,50,strict,2.551949906,0.600,0.100
CO,2015,4,online,75,lenient,1.368827206,0.050,0.567
CO,2015,4,online,75,strict,1.310698479,0.650,0.833
CO,2015,4,tv,50,lenient,7.401684608,0.333,0.150
CO,2015,4,tv,50,strict,-4.724746371,0.317,0.817
CO,2015,4,tv,75,lenient,3.400444394,0.800,0.067
CO,2015,4,tv,75,strict,-1.232877242,0.067,0.200
CT,2015,1,online,50,lenient,1.470635726,0.817,0.083
CT,2015,1,online,50,strict,1.823757452,0.617,0.500
CT,2015,1,online,75,lenient,1.381144436,0.450,0.817
CT,2015,1,online,75,strict,0.8006466976,0.267,0.783
CT,2015,1,tv,50,lenient,-7.321069932,0.617,0.750
CT,2015,1,tv,50,strict,4.50800312,0.333,0.667
CT,2015,1,tv,75,lenient,3.168523747,0.800,0.667
CT,2015,1,tv,75,strict,-1.137004241,0.383,0.833
CT,2015,2,online,50,lenient,0.917054646,0.217,0.317
CT,2015,2,online,50,strict,-0.9619421138,0.500,0.533
CT,2015,2,online,75,lenient,1.038557293,0.400,0.500
CT,2015,2,online,75,strict,-0.3089099844,0.467,0.450
CT,2015,2,tv,50,lenient,13.94650378,0.517,0.317
CT,2015,2,tv,50,strict,2.658042013,0.700,0.300
CT,2015,2,tv,75,lenient,-0.6514160705,0.200,0.483
CT,2015,2,tv,75,strict,0.7734181082,0.133,0.033
CT,2015,3,online,50,lenient,-3.246073792,0.067,0.433
CT,2015,3,online,50,strict,1.510812464,0.250,0.267
CT,2015,3,online,75,lenient,-1.138608238,0.317,0.300
CT,2015,3,online,75,strict,0.09838792206,0.667,0.833
CT,2015,3,tv,50,lenient,18.40795573,0.300,0.067
CT,2015,3,tv,50,strict,3.6714123,0.767,0.050
CT,2015,3,tv,75,lenient,3.342478466,0.367,0.533
CT,2015,3,tv,75,strict,-1.054195396,0.150,0.267
CT,2015,4,online,50,lenient,3.611417276,0.600,0.767
CT,2015,4,online,50,strict,3.169988045,0.133,0.783
CT,2015,4,online,75,lenient,-0.03124806223,0.250,0.267
CT,2015,4,online,75,strict,-0.3271662047,0.500,0.633
CT,2015,4,tv,50,lenient,2.238834778,0.783,0.033
CT,2015,4,tv,50,strict,1.464477161,0.200,0.450
CT,2015,4,tv,75,lenient,1.186314826,0.267,0.467
CT,2015,4,tv,75,strict,-0.5181418746,0.533,0.750
DC,2015,1,online,50,lenient,6.412618408,0.033,0.683
DC,2015,1,online,50,strict,0.4949649953,0.167,0.467
DC,2015,1,online,75,lenient,0.001971632569,0.133,0.767
DC,2015,1,online,75,strict,0.3110419512,0.417,0.300
DC,2015,1,tv,50,lenient,7.895187085,0.800,0.617
DC,2015,1,tv,50,strict,-4.067089274,0.833,0.067
DC,2015,1,tv,75,lenient,4.035123686,0.633,0.717
DC,2015,1,tv,75,strict,-1.322162262,0.800,0.383
DC,2015,2,online,50,lenient,2.746438017,0.083,0.033
DC,2015,2,online,50,strict,0.9657094265,0.650,0.583
DC,2015,2,online,75,lenient,-0.677194343,0.233,0.017
DC,2015,2,online,75,strict,-0.5242434582,0.233,0.033
DC,2015,2,tv,50,lenient,6.441594817,0.167,0.083
DC,2015,2,tv,50,strict,6.626698771,0.800,0.250
DC,2015,2,tv,75,lenient,3.862373309,0.033,0.317
DC,2015,2,tv,75,strict,1.724331788,0.717,0.383
DC,2015,3,online,50,lenient,1.189715638,0.800,0.333
DC,2015,3,online,50,strict,2.771712588,0.083,0.083
DC,2015,3,online,75,lenient,-0.3469723359,0.333,0.183
DC,2015,3,online,75,strict,1.20641583,0.100,0.750
DC,2015,3,tv,50,lenient,12.3987359,0.450,0.033
DC,2015,3,tv,50,strict,7.841159061,0.833,0.200
DC,2015,3,tv,75,lenient,3.540993532,0.483,0.183
DC,2015,3,tv,75,strict,-1.351130512,0.250,0.800
DC,2015,4,online,50,lenient,9.078553221,0.117,0.350
DC,2015,4,online,50,strict,2.030694404,0.400,0.433
DC,2015,4,online,75,lenient,-1.011233118,0.167,0.333
DC,2015,4,online,75,strict,-0.2628618566,0.817,0.650
DC,2015,4,tv,50,lenient,3.610483318,0.300,0.600
DC,2015,4,tv,50,strict,-3.626024984,0.267,0.050
DC,2015,4,tv,75,lenient,-1.194090251,0.300,0.100
DC,2015,4,tv,75,strict,2.084704817,0.833,0.667
DE,2015,1,online,50,lenient,1.228866822,0.050,0.533
DE,2015,1,online,50,strict,-1.232926242,0.650,0.683
DE,2015,1,online,75,lenient,1.956251959,0.117,0.833
DE,2015,1,online,75,strict,0.3054631123,0.667,0.217
DE,2015,1,tv,50,lenient,-1.369470597,0.567,0.450
DE,2015,1,tv,50,strict,3.198245657,0.417,0.700
DE,2015,1,tv,75,lenient,1.264755813,0.067,0.483
DE,2015,1,tv,75,strict,1.449104744,0.683,0.533
DE,2015,2,online,50,lenient,8.106154401,0.800,0.333
DE,2015,2,online,50,strict,0.4002038509,0.767,0.517
DE,2015,2,online,75,lenient,0.1089602529,0.033,0.733
DE,2015,2,online,75,strict,0.0685149277,0.450,0.050
DE,2015,2,tv,50,lenient,-0.8714521127,0.783,0.267
DE,2015,2,tv,50,strict,-2.19844892,0.667,0.117
DE,2015,2,tv,75,lenient,-0.04323807847,0.783,0.400
DE,2015,2,tv,75,strict,0.6144771398,0.783,0.667
DE,2015,3,online,50,lenient,0.9444848172,0.150,0.767
DE,2015,3,online,50,strict,1.49237341,0.333,0.450
DE,2015,3,online,75,lenient,1.666173996,0.383,0.083
DE,2015,3,online,75,strict,0.3765871645,0.333,0.450
DE,2015,3,tv,50,lenient,-5.184119955,0.100,0.167
DE,2015,3,tv,50,strict,-1.058966049,0.450,0.650
DE,2015,3,tv,75,lenient,-1.040179645,0.450,0.200
DE,2015,3,tv,75,strict,-0.5109970808,0.700,0.417
DE,2015,4,online,50,lenient,3.314704444,0.050,0.300
DE,2015,4,online,50,strict,1.006572831,0.667,0.117
DE,2015,4,online,75,lenient,-0.473724278,0.617,0.767
DE,2015,4,online,75,strict,-0.0125168358,0.700,0.500
DE,2015,4,tv,50,lenient,3.390758301,0.683,0.033
DE,2015,4,tv,50,strict,0.5644958939,0.567,0.583
DE,2015,4,tv,75,lenient,1.879062003,0.567,0.150
DE,2015,4,tv,75,strict,1.590107231,0.100,0.100
FL,2015,1,online,50,lenient,-3.358137097,0.833,0.767
FL,2015,1,online,50,strict,0.8240274317,0.383,0.367
FL,2015,1,online,75,lenient,-0.9452167796,0.833,0.733
FL,2015,1,online,75,strict,0.471611371,0.133,0.733
FL,2015,1,tv,50,lenient,18.00305736,0.550,0.083
FL,2015,1,tv,50,strict,-3.352489951,0.150,0.017
FL,2015,1,tv,75,lenient,-0.9497232461,0.050,0.550
FL,2015,1,tv,75,strict,0.5274355867,0.583,0.033
FL,2015,2,online,50,lenient,8.171856373,0.467,0.350
FL,2015,2,online,50,strict,1.771494779,0.467,0.567
FL,2015,2,online,75,lenient,0.480457733,0.650,0.133
FL,2015,2,online,75,strict,0.8911691611,0.383,0.167
FL,2015,2,tv,50,lenient,4.738576479,0.217,0.433
FL,2015,2,tv,50,strict,1.196549753,0.833,0.050
FL,2015,2,tv,75,lenient,1.624843156,0.250,0.167
FL,2015,2,tv,75,strict,-0.8546641767,0.583,0.417
FL,2015,3,online,50,lenient,-6.112707972,0.533,0.317
FL,2015,3,online,50,strict,3.408328465,0.233,0.433
FL,2015,3,online,75,lenient,-0.2671820293,0.500,0.367
FL,2015,3,online,75,strict,0.5034156426,0.817,0.783
FL,2015,3,tv,50,lenient,12.62285674,0.250,0.250
FL,2015,3,tv,50,strict,-0.3318692225,0.833,0.817
FL,2015,3,tv,75,lenient,3.369503067,0.817,0.767
FL,2015,3,tv,75,strict,0.07484415154,0.800,0.817
FL,2015,4,online,50,lenient,4.872568581,0.600,0.150
FL,2015,4,online,50,strict,1.323307438,0.217,0.733
FL,2015,4,online,75,lenient,1.22106075,0.700,0.050
FL,2015,4,online,75,strict,0.7380324385,0.133,0.167
FL,2015,4,tv,50,lenient,-1.355476053,0.550,0.817
FL,2015,4,tv,50,strict,-1.946027581,0.417,0.633
FL,2015,4,tv,75,lenient,6.01431298,0.683,0.317
FL,2015,4,tv,75,strict,-1.054822452,0.167,0.367
GA,2015,1,online,50,lenient,-6.371821861,0.750,0.333
GA,2015,1,online,50,strict,3.191230708,0.050,0.133
GA,2015,1,online,75,lenient,-1.61227882,0.217,0.233
GA,2015,1,online,75,strict,-0.6347599673,0.150,0.267
GA,2015,1,tv,50,lenient,15.29816975,0.717,0.200
GA,2015,1,tv,50,strict,0.8821709851,0.233,0.383
GA,2015,1,tv,75,lenient,-1.017894703,0.350,0.633
GA,2015,1,tv,75,strict,0.6713972305,0.467,0.600
GA,2015,2,online,50,lenient,-3.165776265,0.167,0.467
GA,2015,2,online,50,strict,-0.1607221658,0.683,0.333
GA,2015,2,online,75,lenient,0.5370719262,0.617,0.333
GA,2015,2,online,75,strict,0.6046692513,0.650,0.667
GA,2015,2,tv,50,lenient,3.14675587,0.750,0.133
GA,2015,2,tv,50,strict,1.884390901,0.383,0.050
GA,2015,2,tv,75,lenient,0.9994604526,0.633,0.283
GA,2015,2,tv,75,strict,0.9015780076,0.333,0.217
GA,2015,3,online,50,lenient,4.063159417,0.250,0.767
GA,2015,3,online,50,strict,2.573135033,0.400,0.767
GA,2015,3,online,75,lenient,0.7715962774,0.283,0.717
GA,2015,3,online,75,strict,-0.07501205481,0.067,0.733
GA,2015,3,tv,50,lenient,5.903555759,0.767,0.067
GA,2015,3,tv,50,strict,3.57907094,0.417,0.617
GA,2015,3,tv,75,lenient,4.422523335,0.567,0.683
GA,2015,3,tv,75,strict,-1.126518197,0.133,0.550
GA,2015,4,online,50,lenient,-4.058254937,0.317,0.417
GA,2015,4,online,50,strict,0.5128871579,0.017,0.517
GA,2015,4,online,75,lenient,2.869866575,0.583,0.250
GA,2015,4,online,75,strict,1.450949413,0.183,0.450
GA,2015,4,tv,50,lenient,0.5336272851,0.300,0.817
GA,2015,4,tv,50,strict,2.020646462,0.667,0.250
GA,2015,4,tv,75,lenient,-0.2223373937,0.533,0.200
GA,2015,4,tv,75,strict,0.4307379202,0.833,0.117
HI,2015,1,online,50,lenient,5.262223232,0.217,0.367
HI,2015,1,online,50,strict,1.68867455,0.400,0.567
HI,2015,1,online,75,lenient,-1.060837236,0.267,0.250
HI,2015,1,online,75,strict,0.06119626153,0.817,0.167
HI,2015,1,tv,50,lenient,9.874811204,0.083,0.083
HI,2015,1,tv,50,strict,0.4647852214,0.767,0.500
HI,2015,1,tv,75,lenient,1.350306228,0.467,0.633
HI,2015,1,tv,75,strict,-0.05147296219,0.217,0.283
HI,2015,2,online,50,lenient,1.542713241,0.767,0.133
HI,2015,2,online,50,strict,-0.8538836843,0.417,0.200
HI,2015,2,online,75,lenient,1.342830574,0.100,0.583
HI,2015,2,online,75,strict,1.093486081,0.483,0.767
HI,2015,2,tv,50,lenient,5.278268441,0.433,0.800
HI,2015,2,tv,50,strict,-4.300357361,0.817,0.533
HI,2015,2,tv,75,lenient,2.988624218,0.133,0.100
HI,2015,2,tv,75,strict,-0.9145620988,0.483,0.267
HI,2015,3,online,50,lenient,-0.4631762759,0.500,0.283
HI,2015,3,online,50,strict,0.8114990739,0.283,0.483
HI,2015,3,online,75,lenient,1.735711952,0.533,0.700
HI,2015,3,online,75,strict,0.5740054455,0.600,0.733
HI,2015,3,tv,50,lenient,-3.231459423,0.017,0.167
HI,2015,3,tv,50,strict,-1.706871361,0.067,0.500
HI,2015,3,tv,75,lenient,3.288717112,0.017,0.400
HI,2015,3,tv,75,strict,2.778162194,0.317,0.150
HI,2015,4,online,50,lenient,8.192484736,0.283,0.250
HI,2015,4,online,50,strict,1.866730789,0.267,0.267
HI,2015,4,online,75,lenient,-0.2923504247,0.667,0.650
HI,2015,4,online,75,strict,1.387439404,0.583,0.817
HI,2015,4,tv,50,lenient,-6.776849752,0.250,0.150
HI,2015,4,tv,50,strict,0.506193088,0.450,0.433
HI,2015,4,tv,75,lenient,2.661318874,0.733,0.783
HI,2015,4,tv,75,strict,0.3956951628,0.650,0.650
IA,2015,1,online,50,lenient,8.559998425,0.033,0.833
IA,2015,1,online,50,strict,3.38406097,0.250,0.533
IA,2015,1,online,75,lenient,0.2017295069,0.450,0.383
IA,2015,1,online,75,strict,-0.02887055978,0.667,0.367
IA,2015,1,tv,50,lenient,5.071725572,0.083,0.350
IA,2015,1,tv,50,strict,3.122125109,0.033,0.833
IA,2015,1,tv,75,lenient,1.44667434,0.183,0.367
IA,2015,1,tv,75,strict,-1.696959384,0.217,0.567
IA,2015,2,online,50,lenient,1.149308125,0.533,0.550
IA,2015,2,online,50,strict,3.470565985,0.133,0.200
IA,2015,2,online,75,lenient,1.540598139,0.100,0.683
IA,2015,2,online,75,strict,0.6166531145,0.383,0.683
IA,2015,2,tv,50,lenient,7.014658907,0.583,0.217
IA,2015,2,tv,50,strict,2.44186899,0.517,0.317
IA,2015,2,tv,75,lenient,-0.08907162506,0.750,0.683
IA,2015,2,tv,75,strict,0.9177552906,0.583,0.817
IA,2015,3,online,50,lenient,-0.7635138089,0.183,0.100
IA,2015,3,online,50,strict,2.172400045,0.050,0.217
IA,2015,3,online,75,lenient,0.2275176871,0.100,0.267
IA,2015,3,online,75,strict,0.2954925079,0.017,0.700
IA,2015,3,tv,50,lenient,-11.73870322,0.150,0.383
IA,2015,3,tv,50,strict,-3.804645031,0.200,0.600
IA,2015,3,tv,75,lenient,-0.7093087468,0.767,0.767
IA,2015,3,tv,75,strict,2.342664213,0.417,0.117
IA,2015,4,online,50,lenient,0.6194411645,0.717,0.817
IA,2015,4,online,50,strict,-1.111187813,0.583,0.800
IA,2015,4,online,75,lenient,1.022161871,0.800,0.167
IA,2015,4,online,75,strict,-0.5745421778,0.183,0.667
IA,2015,4,tv,50,lenient,12.78766132,0.817,0.450
IA,2015,4,tv,50,strict,-2.881153346,0.100,0.683
IA,2015,4,tv,75,lenient,-0.2808842213,0.600,0.167
IA,2015,4,tv,75,strict,-0.1752509627,0.517,0.667
ID,2015,1,online,50,lenient,2.322843173,0.500,0.117
ID,2015,1,online,50,strict,1.045928372,0.283,0.783
ID,2015,1,online,75,lenient,-0.542182368,0.733,0.350
ID,2015,1,online,75,strict,0.6611993317,0.433,0.733
ID,2015,1,tv,50,lenient,7.113702432,0.417,0.683
ID,2015,1,tv,50,strict,5.448302682,0.467,0.167
ID,2015,1,tv,75,lenient,-0.7998503158,0.183,0.683
ID,2015,1,tv,75,strict,-1.376459396,0.517,0.750
ID,2015,2,online,50,lenient,1.752268664,0.833,0.417
ID,2015,2,online,50,strict,2.780299885,0.733,0.600
ID,2015,2,online,75,lenient,0.6333265903,0.433,0.500
ID,2015,2,online,75,strict,-0.5411919374,0.433,0.500
ID,2015,2,tv,50,lenient,8.100080452,0.033,0.167
ID,2015,2,tv,50,strict,1.57875554,0.517,0.400
ID,2015,2,tv,75,lenient,-2.202366651,0.833,0.150
ID,2015,2,tv,75,strict,-0.4609828473,0.033,0.150
ID,2015,3,online,50,lenient,2.797562101,0.083,0.167
ID,2015,3,online,50,strict,2.382216205,0.733,0.400
ID,2015,3,online,75,lenient,1.113098793,0.533,0.333
ID,2015,3,online,75,strict,0.1645048972,0.517,0.833
ID,2015,3,tv,50,lenient,-11.7355189,0.083,0.217
ID,2015,3,tv,50,strict,0.1397043957,0.833,0.150
ID,2015,3,tv,75,lenient,2.87257367,0.367,0.450
ID,2015,3,tv,75,strict,-1.317658918,0.750,0.483
ID,2015,4,online,50,lenient,2.385419071,0.017,0.817
ID,2015,4,online,50,strict,-0.2512151041,0.183,0.300
ID,2015,4,online,75,lenient,2.101867358,0.617,0.183
ID,2015,4,online,75,strict,0.5440851349,0.300,0.700
ID,2015,4,tv,50,lenient,-3.882538077,0.800,0.517
ID,2015,4,tv,50,strict,-0.7634747935,0.600,0.300
ID,2015,4,tv,75,lenient,2.86859509,0.750,0.583
ID,2015,4,tv,75,strict,2.406100828,0.567,0.833
IL,2015,1,online,50,lenient,0.9811867093,0.367,0.417
IL,2015,1,online,50,strict,2.596776187,0.467,0.750
IL,2015,1,online,75,lenient,1.060847715,0.700,0.783
IL,2015,1,online,75,strict,1.003117971,0.083,0.033
IL,2015,1,tv,50,lenient,4.017829781,0.717,0.533
IL,2015,1,tv,50,strict,-1.392104566,0.650,0.750
IL,2015,1,tv,75,lenient,2.145568817,0.200,0.283
IL,2015,1,tv,75,strict,0.3107245436,0.083,0.533
IL,2015,2,online,50,lenient,4.539881954,0.283,0.150
IL,2015,2,online,50,strict,2.685233603,0.133,0.300
IL,2015,2,online,75,lenient,-0.7346955163,0.617,0.600
IL,2015,2,online,75,strict,-0.2520988781,0.283,0.067
IL,2015,2,tv,50,lenient,1.047546903,0.650,0.733
IL,2015,2,tv,50,strict,0.4492341341,0.150,0.767
IL,2015,2,tv,75,lenient,-0.638582981,0.583,0.517
IL,2015,2,tv,75,strict,1.743732713,0.667,0.233
IL,2015,3,online,50,lenient,0.4064312389,0.033,0.750
IL,2015,3,online,50,strict,0.7978495464,0.117,0.683
IL,2015,3,online,75,lenient,-0.1964761437,0.750,0.517
IL,2015,3,online,75,strict,0.9705045451,0.167,0.250
IL,2015,3,tv,50,lenient,18.40617438,0.800,0.483
IL,2015,3,tv,50,strict,1.652158292,0.600,0.717
IL,2015,3,tv,75,lenient,-1.431236863,0.433,0.583
IL,2015,3,tv,75,strict,-1.291504665,0.767,0.600
IL,2015,4,online,50,lenient,0.6651253634,0.683,0.617
IL,2015,4,online,50,strict,1.735107716,0.833,0.583
IL,2015,4,online,75,lenient,1.183858864,0.783,0.500
IL,2015,4,online,75,strict,-0.1920981669,0.733,0.400
IL,2015,4,tv,50,lenient,9.82483988,0.617,0.650
IL,2015,4,tv,50,strict,3.709955726,0.167,0.683
IL,2015,4,tv,75,lenient,-1.140242575,0.033,0.417
IL,2015,4,tv,75,strict,-1.067505319,0.817,0.567
IN,2015,1,online,50,lenient,3.438296613,0.583,0.750
IN,2015,1,online,50,strict,0.5661901372,0.150,0.183
IN,2015,1,online,75,lenient,-0.2834849424,0.383,0.150
IN,2015,1,online,75,strict,0.325191148,0.717,0.233
IN,2015,1,tv,50,lenient,-0.500258118,0.083,0.667
IN,2015,1,tv,50,strict,-5.96092941,0.367,0.400
IN,2015,1,tv,75,lenient,-3.274252904,0.800,0.467
IN,2015,1,tv,75,strict,-1.321573049,0.150,0.217
IN,2015,2,online,50,lenient,1.634212372,0.650,0.717
IN,2015,2,online,50,strict,3.890650131,0.667,0.200
IN,2015,2,online,75,lenient,-1.163258768,0.117,0.567
IN,2015,2,online,75,strict,0.2729036685,0.150,0.400
IN,2015,2,tv,50,lenient,5.045181399,0.833,0.117
IN,2015,2,tv,50,strict,7.466607783,0.633,0.717
IN,2015,2,tv,75,lenient,0.2984569584,0.267,0.300
IN,2015,2,tv,75,strict,-0.9518582757,0.367,0.417
IN,2015,3,online,50,lenient,0.6441877569,0.650,0.150
IN,2015,3,online,50,strict,2.359850764,0.583,0.233
IN,2015,3,online,75,lenient,2.20276063,0.767,0.267
IN,2015,3,online,75,strict,-0.2982651252,0.417,0.333
IN,2015,3,tv,50,lenient,12.96612857,0.200,0.033
IN,2015,3,tv,50,strict,-0.8661484013,0.317,0.717
IN,2015,3,tv,75,lenient,2.972679865,0.067,0.383
IN,2015,3,tv,75,strict,0.3627537219,0.100,0.617
IN,2015,4,online,50,lenient,8.488918774,0.783,0.017
IN,2015,4,online,50,strict,-1.791830739,0.367,0.733
IN,2015,4,online,75,lenient,-0.2648920625,0.283,0.033
IN,2015,4,online,75,strict,0.5180302603,0.500,0.567
IN,2015,4,tv,50,lenient,-0.8496832091,0.600,0.167
IN,2015,4,tv,50,strict,2.565798893,0.650,0.800
IN,2015,4,tv,75,lenient,2.243811732,0.350,0.400
IN,2015,4,tv,75,strict,0.03559297277,0.050,0.183
KS,2015,1,online,50,lenient,3.914030689,0.233,0.117
KS,2015,1,online,50,strict,4.043967019,0.117,0.483
KS,2015,1,online,75,lenient,1.430706209,0.600,0.217
KS,2015,1,online,75,strict,-0.1033065291,0.333,0.750
KS,2015,1,tv,50,lenient,1.879871815,0.567,0.150
KS,2015,1,tv,50,strict,-0.8432893796,0.517,0.817
KS,2015,1,tv,75,lenient,-2.073103633,0.633,0.800
KS,2015,1,tv,75,strict,-1.478672577,0.767,0.517
KS,2015,2,online,50,lenient,3.934850252,0.567,0.500
KS,2015,2,online,50,strict,1.650324911,0.100,0.450
KS,2015,2,online,75,lenient,-1.214983537,0.250,0.383
KS,2015,2,online,75,strict,1.301516023,0.333,0.167
KS,2015,2,tv,50,lenient,-0.1375325525,0.667,0.117
KS,2015,2,tv,50,strict,7.821676324,0.050,0.700
KS,2015,2,tv,75,lenient,0.5905140981,0.783,0.433
KS,2015,2,tv,75,strict,0.4245893887,0.117,0.367
KS,2015,3,online,50,lenient,-4.6696099,0.100,0.400
KS,2015,3,online,50,strict,2.045543998,0.333,0.367
KS,2015,3,online,75,lenient,0.6555934667,0.767,0.533
KS,2015,3,online,75,strict,0.1962621839,0.150,0.450
KS,2015,3,tv,50,lenient,-7.217981563,0.483,0.750
KS,2015,3,tv,50,strict,3.564195468,0.600,0.300
KS,2015,3,tv,75,lenient,1.038847846,0.350,0.633
KS,2015,3,tv,75,strict,0.3514423554,0.600,0.550
KS,2015,4,online,50,lenient,-6.413440614,0.833,0.350
KS,2015,4,online,50,strict,0.5534128897,0.267,0.700
KS,2015,4,online,75,lenient,-0.2662852207,0.233,0.167
KS,2015,4,online,75,strict,0.6965094036,0.233,0.317
KS,2015,4,tv,50,lenient,-3.131100112,0.517,0.617
KS,2015,4,tv,50,strict,-1.290225742,0.317,0.083
KS,2015,4,tv,75,lenient,0.008592180741,0.450,0.700
KS,2015,4,tv,75,strict,2.253684417,0.517,0.583
KY,2015,1,online,50,lenient,-1.211413827,0.667,0.583
KY,2015,1,online,50,strict,0.6332398959,0.117,0.167
KY,2015,1,online,75,lenient,-0.5425844146,0.567,0.617
KY,2015,1,online,75,strict,-0.5877564574,0.083,0.700
KY,2015,1,tv,50,lenient,7.989698655,0.517,0.800
KY,2015,1,tv,50,strict,-1.944461626,0.200,0.650
KY,2015,1,tv,75,lenient,5.580707681,0.067,0.483
KY,2015,1,tv,75,strict,-0.6506744444,0.250,0.550
KY,2015,2,online,50,lenient,2.962663413,0.733,0.433
KY,2015,2,online,50,strict,2.719650683,0.783,0.550
KY,2015,2,online,75,lenient,1.532596873,0.483,0.633
KY,2015,2,online,75,strict,-0.6021237074,0.400,0.200
KY,2015,2,tv,50,lenient,4.756497593,0.467,0.417
KY,2015,2,tv,50,strict,4.185860773,0.667,0.383
KY,2015,2,tv,75,lenient,0.8070168071,0.617,0.200
KY,2015,2,tv,75,strict,1.702568355,0.067,0.750
KY,2015,3,online,50,lenient,2.366811542,0.183,0.117
KY,2015,3,online,50,strict,1.822152328,0.533,0.300
KY,2015,3,online,75,lenient,-1.104460476,0.517,0.800
KY,2015,3,online,75,strict,0.4596842157,0.483,0.533
KY,2015,3,tv,50,lenient,9.155691489,0.517,0.483
KY,2015,3,tv,50,strict,1.704004819,0.700,0.600
KY,2015,3,tv,75,lenient,-2.615020966,0.017,0.833
KY,2015,3,tv,75,strict,1.046628249,0.167,0.200
KY,2015,4,online,50,lenient,-1.769039686,0.433,0.617
KY,2015,4,online,50,strict,2.63446212,0.333,0.017
KY,2015,4,online,75,lenient,0.9501584207,0.600,0.417
KY,2015,4,online,75,strict,0.404003378,0.567,0.717
KY,2015,4,tv,50,lenient,-2.803669518,0.733,0.050
KY,2015,4,tv,50,strict,-0.8702146169,0.567,0.200
KY,2015,4,tv,75,lenient,2.880641627,0.333,0.583
KY,2015,4,tv,75,strict,0.7660590451,0.183,0.550
LA,2015,1,online,50,lenient,-0.5537508725,0.800,0.433
LA,2015,1,online,50,strict,0.9036028791,0.550,0.317
LA,2015,1,online,75,lenient,2.913328803,0.333,0.800
LA,2015,1,online,75,strict,0.1428452315,0.550,0.733
LA,2015,1,tv,50,lenient,-7.92200073,0.667,0.817
LA,2015,1,tv,50,strict,-5.286758864,0.017,0.233
LA,2015,1,tv,75,lenient,-4.333565444,0.200,0.050
LA,2015,1,tv,75,strict,1.455249674,0.133,0.050
LA,2015,2,online,50,lenient,-0.2964534468,0.750,0.383
LA,2015,2,online,50,strict,4.808762911,0.417,0.450
LA,2015,2,online,75,lenient,-0.2317138466,0.133,0.217
LA,2015,2,online,75,strict,1.40693503,0.667,0.367
LA,2015,2,tv,50,lenient,7.378225367,0.667,0.833
LA,2015,2,tv,50,strict,4.914327718,0.250,0.633
LA,2015,2,tv,75,lenient,0.07380970483,0.833,0.367
LA,2015,2,tv,75,strict,-0.03024017855,0.800,0.783
LA,2015,3,online,50,lenient,9.581188708,0.300,0.467
LA,2015,3,online,50,strict,0.09992251258,0.717,0.250
LA,2015,3,online,75,lenient,-0.340567896,0.050,0.533
LA,2015,3,online,75,strict,-0.01716164195,0.300,0.333
LA,2015,3,tv,50,lenient,12.75941629,0.417,0.017
LA,2015,3,tv,50,strict,4.298621908,0.300,0.133
LA,2015,3,tv,75,lenient,5.927389718,0.133,0.117
LA,2015,3,tv,75,strict,-0.946172043,0.567,0.500
LA,2015,4,online,50,lenient,2.081935261,0.233,0.667
LA,2015,4,online,50,strict,2.746245413,0.667,0.317
LA,2015,4,online,75,lenient,0.2285465764,0.300,0.717
LA,2015,4,online,75,strict,-0.1091568925,0.500,0.717
LA,2015,4,tv,50,lenient,9.695335095,0.800,0.183
LA,2015,4,tv,50,strict,-1.900955662,0.633,0.117
LA,2015,4,tv,75,lenient,-1.706039131,0.250,0.150
LA,2015,4,tv,75,strict,1.294049996,0.717,0.017
MA,2015,1,online,50,lenient,0.1191450292,0.833,0.083
MA,2015,1,online,50,strict,0.3442363957,0.433,0.750
MA,2015,1,online,75,lenient,0.05907284317,0.317,0.683
MA,2015,1,online,75,strict,-0.2464035958,0.650,0.500
MA,2015,1,tv,50,lenient,-0.2829014397,0.817,0.633
MA,2015,1,tv,50,strict,-3.806402895,0.383,0.133
MA,2015,1,tv,75,lenient,-1.720356671,0.117,0.567
MA,2015,1,tv,75,strict,1.149231267,0.383,0.500
MA,2015,2,online,50,lenient,6.452171263,0.217,0.483
MA,2015,2,online,50,strict,3.535664148,0.667,0.167
MA,2015,2,online,75,lenient,0.3951419616,0.433,0.783
MA,2015,2,online,75,strict,0.9388304904,0.267,0.550
MA,2015,2,tv,50,lenient,7.678712767,0.033,0.417
MA,2015,2,tv,50,strict,4.74911624,0.233,0.100
MA,2015,2,tv,75,lenient,2.375237917,0.100,0.617
MA,2015,2,tv,75,strict,-0.360257413,0.833,0.167
MA,2015,3,online,50,lenient,-3.429026336,0.367,0.133
MA,2015,3,online,50,strict,3.685249702,0.533,0.517
MA,2015,3,online,75,lenient,-0.6979957622,0.450,0.750
MA,2015,3,online,75,strict,0.3928432122,0.717,0.467
MA,2015,3,tv,50,lenient,-7.457864268,0.333,0.800
MA,2015,3,tv,50,strict,1.781040986,0.600,0.350
MA,2015,3,tv,75,lenient,-2.150249623,0.067,0.233
MA,2015,3,tv,75,strict,-0.3869513363,0.200,0.633
MA,2015,4,online,50,lenient,-1.9700495,0.267,0.500
MA,2015,4,online,50,strict,3.068120882,0.817,0.483
MA,2015,4,online,75,lenient,-0.8988008635,0.733,0.200
MA,2015,4,online,75,strict,0.2480677823,0.200,0.567
MA,2015,4,tv,50,lenient,8.18187592,0.217,0.467
MA,2015,4,tv,50,strict,-2.120802822,0.783,0.133
MA,2015,4,tv,75,lenient,1.692093131,0.517,0.133
MA,2015,4,tv,75,strict,0.3354084712,0.250,0.300
MD,2015,1,online,50,lenient,2.730989057,0.017,0.133
MD,2015,1,online,50,strict,1.317032082,0.433,0.833
MD,2015,1,online,75,lenient,1.24713243,0.100,0.550
MD,2015,1,online,75,strict,1.288063692,0.733,0.100
MD,2015,1,tv,50,lenient,6.709118721,0.333,0.300
MD,2015,1,tv,50,strict,0.8495985902,0.783,0.083
MD,2015,1,tv,75,lenient,-2.732370445,0.433,0.833
MD,2015,1,tv,75,strict,-1.506919344,0.183,0.700
MD,2015,2,online,50,lenient,3.655735548,0.067,0.267
MD,2015,2,online,50,strict,1.879349568,0.750,0.217
MD,2015,2,online,75,lenient,0.811725485,0.567,0.617
MD,2015,2,online,75,strict,0.686596748,0.700,0.483
MD,2015,2,tv,50,lenient,1.815383023,0.450,0.017
MD,2015,2,tv,50,strict,0.5222608922,0.600,0.133
MD,2015,2,tv,75,lenient,1.189563002,0.800,0.750
MD,2015,2,tv,75,strict,0.1863673622,0.700,0.383
MD,2015,3,online,50,lenient,1.547081959,0.050,0.050
MD,2015,3,online,50,strict,2.233803075,0.217,0.667
MD,2015,3,online,75,lenient,-0.2561949494,0.233,0.233
MD,2015,3,online,75,strict,0.2708071769,0.833,0.233
MD,2015,3,tv,50,lenient,14.63571313,0.483,0.733
MD,2015,3,tv,50,strict,2.475034135,0.233,0.583
MD,2015,3,tv,75,lenient,2.905169391,0.617,0.567
MD,2015,3,tv,75,strict,1.833163765,0.333,0.333
MD,2015,4,online,50,lenient,2.039873888,0.067,0.150
MD,2015,4,online,50,strict,-0.882998109,0.533,0.633
MD,2015,4,online,75,lenient,-0.2634353609,0.833,0.450
MD,2015,4,online,75,strict,0.725133505,0.833,0.767
MD,2015,4,tv,50,lenient,4.631399039,0.583,0.300
MD,2015,4,tv,50,strict,-3.076551184,0.633,0.833
MD,2015,4,tv,75,lenient,1.163540034,0.683,0.567
MD,2015,4,tv,75,strict,1.232012018,0.750,0.767
ME,2015,1,online,50,lenient,-3.259164267,0.817,0.533
ME,2015,1,online,50,strict,0.009717566325,0.617,0.617
ME,2015,1,online,75,lenient,1.203100367,0.250,0.833
ME,2015,1,online,75,strict,1.319324257,0.033,0.067
ME,2015,1,tv,50,lenient,7.992228137,0.133,0.783
ME,2015,1,tv,50,strict,9.026578827,0.433,0.283
ME,2015,1,tv,75,lenient,-0.1351649284,0.833,0.450
ME,2015,1,tv,75,strict,0.8679945372,0.550,0.800
ME,2015,2,online,50,lenient,0.7577144802,0.833,0.750
ME,2015,2,online,50,strict,-0.3670681434,0.367,0.083
ME,2015,2,online,75,lenient,0.1933518863,0.033,0.067
ME,2015,2,online,75,strict,-0.2561278102,0.067,0.467
ME,2015,2,tv,50,lenient,-3.941731027,0.083,0.367
ME,2015,2,tv,50,strict,-0.64108175,0.683,0.433
ME,2015,2,tv,75,lenient,4.124380588,0.650,0.300
ME,2015,2,tv,75,strict,-1.121867775,0.417,0.617
ME,2015,3,online,50,lenient,-2.822356222,0.450,0.267
ME,2015,3,online,50,strict,0.2036503237,0.600,0.200
ME,2015,3,online,75,lenient,0.08578328287,0.500,0.367
ME,2015,3,online,75,strict,0.8028699677,0.033,0.500
ME,2015,3,tv,50,lenient,1.261185995,0.483,0.350
ME,2015,3,tv,50,strict,3.298276932,0.783,0.183
ME,2015,3,tv,75,lenient,-0.9483909136,0.783,0.467
ME,2015,3,tv,75,strict,0.5929541079,0.067,0.033
ME,2015,4,online,50,lenient,-4.005274668,0.667,0.067
ME,2015,4,online,50,strict,1.700481616,0.517,0.200
ME,2015,4,online,75,lenient,-0.1128630032,0.467,0.117
ME,2015,4,online,75,strict,-0.6190452771,0.267,0.617
ME,2015,4,tv,50,lenient,8.085085559,0.717,0.483
ME,2015,4,tv,50,strict,3.079688605,0.467,0.700
ME,2015,4,tv,75,lenient,0.4105113773,0.350,0.700
ME,2015,4,tv,75,strict,-1.429093775,0.617,0.533
MI,2015,1,online,50,lenient,5.986828293,0.433,0.033
MI,2015,1,online,50,strict,0.8889818463,0.733,0.183
MI,2015,1,online,75,lenient,1.306927332,0.467,0.100
MI,2015,1,online,75,strict,-0.2323259676,0.233,0.550
MI,2015,1,tv,50,lenient,11.54689363,0.100,0.033
MI,2015,1,tv,50,strict,3.76533562,0.483,0.833
MI,2015,1,tv,75,lenient,-2.005069256,0.550,0.117
MI,2015,1,tv,75,strict,-0.1244014821,0.550,0.833
MI,2015,2,online,50,lenient,3.041610308,0.517,0.583
MI,2015,2,online,50,strict,0.356765884,0.583,0.650
MI,2015,2,online,75,lenient,1.773339817,0.150,0.750
MI,2015,2,online,75,strict,-0.7440589388,0.083,0.300
MI,2015,2,tv,50,lenient,5.696262027,0.317,0.783
MI,2015,2,tv,50,strict,-0.6195094061,0.433,0.067
MI,2015,2,tv,75,lenient,-4.114630613,0.300,0.333
MI,2015,2,tv,75,strict,1.01255753,0.467,0.800
MI,2015,3,online,50,lenient,1.431754443,0.083,0.150
MI,2015,3,online,50,strict,-1.191617118,0.617,0.367
MI,2015,3,online,75,lenient,-1.776129272,0.833,0.300
MI,2015,3,online,75,strict,-0.2354224432,0.450,0.700
MI,2015,3,tv,50,lenient,4.635011825,0.533,0.133
MI,2015,3,tv,50,strict,0.4654712736,0.017,0.100
MI,2015,3,tv,75,lenient,-2.91269672,0.017,0.117
MI,2015,3,tv,75,strict,-0.7245166422,0.767,0.133
MI,2015,4,online,50,lenient,1.53942653,0.233,0.133
MI,2015,4,online,50,strict,-1.130042026,0.383,0.117
MI,2015,4,online,75,lenient,-0.8292942509,0.317,0.583
MI,2015,4,online,75,strict,0.4016125509,0.100,0.367
MI,2015,4,tv,50,lenient,-11.44389853,0.317,0.083
MI,2015,4,tv,50,strict,-3.206386609,0.417,0.717
MI,2015,4,tv,75,lenient,0.051009,0.800,0.567
MI,2015,4,tv,75,strict,-0.7479869563,0.500,0.450
MN,2015,1,online,50,lenient,0.5299501524,0.517,0.650
MN,2015,1,online,50,strict,1.153599998,0.500,0.633
MN,2015,1,online,75,lenient,0.8741718317,0.017,0.400
MN,2015,1,online,75,strict,1.385002905,0.133,0.417
MN,2015,1,tv,50,lenient,-2.697871754,0.800,0.167
MN,2015,1,tv,50,strict,-3.494742698,0.633,0.400
MN,2015,1,tv,75,lenient,4.572900197,0.767,0.100
MN,2015,1,tv,75,strict,-0.9276787471,0.633,0.150
MN,2015,2,online,50,lenient,0.4747015889,0.567,0.333
MN,2015,2,online,50,strict,0.8315742688,0.550,0.500
MN,2015,2,online,75,lenient,1.790928478,0.083,0.733
MN,2015,2,online,75,strict,0.5707752587,0.600,0.783
MN,2015,2,tv,50,lenient,-6.056634538,0.133,0.167
MN,2015,2,tv,50,strict,-4.592247985,0.467,0.050
MN,2015,2,tv,75,lenient,-2.088291644,0.067,0.183
MN,2015,2,tv,75,strict,-1.516106136,0.583,0.317
MN,2015,3,online,50,lenient,-2.576777627,0.317,0.717
MN,2015,3,online,50,strict,0.4702407474,0.517,0.633
MN,2015,3,online,75,lenient,0.796898521,0.467,0.633
MN,2015,3,online,75,strict,0.5052572621,0.550,0.283
MN,2015,3,tv,50,lenient,10.8753234,0.467,0.133
MN,2015,3,tv,50,strict,0.1914723722,0.400,0.233
MN,2015,3,tv,75,lenient,0.2861729562,0.200,0.650
MN,2015,3,tv,75,strict,0.8358060182,0.433,0.417
MN,2015,4,online,50,lenient,-0.07544914632,0.500,0.217
MN,2015,4,online,50,strict,0.3737592291,0.500,0.583
MN,2015,4,online,75,lenient,2.018272188,0.617,0.383
MN,2015,4,online,75,strict,0.5847300097,0.067,0.350
MN,2015,4,tv,50,lenient,-4.064152645,0.483,0.633
MN,2015,4,tv,50,strict,-0.6881450808,0.783,0.583
MN,2015,4,tv,75,lenient,-1.079090158,0.800,0.800
MN,2015,4,tv,75,strict,0.2225059523,0.450,0.050
MO,2015,1,online,50,lenient,3.497773708,0.083,0.717
MO,2015,1,online,50,strict,2.687558404,0.683,0.117
MO,2015,1,online,75,lenient,-0.8960829979,0.650,0.067
MO,2015,1,online,75,strict,-0.2608306023,0.533,0.383
MO,2015,1,tv,50,lenient,-3.958255931,0.633,0.383
MO,2015,1,tv,50,strict,7.787447047,0.150,0.467
MO,2015,1,tv,75,lenient,4.807123252,0.833,0.350
MO,2015,1,tv,75,strict,0.03710351935,0.133,0.700
MO,2015,2,online,50,lenient,-0.4482059197,0.283,0.117
MO,2015,2,online,50,strict,0.5115715639,0.717,0.350
MO,2015,2,online,75,lenient,0.4391940971,0.733,0.583
MO,2015,2,online,75,strict,-0.776590805,0.033,0.300
MO,2015,2,tv,50,lenient,-4.155058998,0.417,0.683
MO,2015,2,tv,50,strict,-0.3360277146,0.717,0.117
MO,2015,2,tv,75,lenient,1.34482661,0.650,0.133
MO,2015,2,tv,75,strict,-1.649168865,0.500,0.133
MO,2015,3,online,50,lenient,-3.745679276,0.683,0.100
MO,2015,3,online,50,strict,3.273237707,0.033,0.400
MO,2015,3,online,75,lenient,0.8011808849,0.083,0.250
MO,2015,3,online,75,strict,0.09905949011,0.450,0.050
MO,2015,3,tv,50,lenient,-1.091826291,0.150,0.167
MO,2015,3,tv,50,strict,4.394412593,0.617,0.033
MO,2015,3,tv,75,lenient,-0.9667563465,0.033,0.833
MO,2015,3,tv,75,strict,1.368675958,0.050,0.783
MO,2015,4,online,50,lenient,-1.149926189,0.533,0.383
MO,2015,4,online,50,strict,-0.3897316768,0.833,0.533
MO,2015,4,online,75,lenient,-0.04470001968,0.433,0.067
MO,2015,4,online,75,strict,0.8238467539,0.650,0.833
MO,2015,4,tv,50,lenient,-1.099790465,0.333,0.800
MO,2015,4,tv,50,strict,8.385103557,0.500,0.133
MO,2015,4,tv,75,lenient,0.3760495786,0.067,0.300
MO,2015,4,tv,75,strict,1.211184646,0.767,0.733
MS,2015,1,online,50,lenient,0.9282106963,0.283,0.250
MS,2015,1,online,50,strict,-0.9868204628,0.050,0.333
MS,2015,1,online,75,lenient,-1.306646171,0.050,0.300
MS,2015,1,online,75,strict,0.365042711,0.083,0.833
MS,2015,1,tv,50,lenient,3.310599806,0.367,0.167
MS,2015,1,tv,50,strict,0.457847972,0.733,0.417
MS,2015,1,tv,75,lenient,-2.498541556,0.233,0.500
MS,2015,1,tv,75,strict,-0.7275605557,0.567,0.017
MS,2015,2,online,50,lenient,5.138970699,0.617,0.250
MS,2015,2,online,50,strict,0.9775904175,0.750,0.067
MS,2015,2,online,75,lenient,1.146300001,0.050,0.783
MS,2015,2,online,75,strict,-0.246351791,0.633,0.583
MS,2015,2,tv,50,lenient,7.18396025,0.450,0.483
MS,2015,2,tv,50,strict,7.478043557,0.450,0.317
MS,2015,2,tv,75,lenient,1.663820357,0.700,0.733
MS,2015,2,tv,75,strict,-0.262460516,0.433,0.217
MS,2015,3,online,50,lenient,5.859537864,0.483,0.467
MS,2015,3,online,50,strict,0.4162861976,0.750,0.050
MS,2015,3,online,75,lenient,0.8717650003,0.400,0.750
MS,2015,3,online,75,strict,0.8293325394,0.100,0.567
MS,2015,3,tv,50,lenient,-10.62621184,0.450,0.450
MS,2015,3,tv,50,strict,1.398827293,0.100,0.333
MS,2015,3,tv,75,lenient,0.4600621894,0.367,0.600
MS,2015,3,tv,75,strict,0.3429212593,0.283,0.533
MS,2015,4,online,50,lenient,3.309122582,0.283,0.117
MS,2015,4,online,50,strict,0.5810479958,0.800,0.167
MS,2015,4,online,75,lenient,-0.450368657,0.317,0.567
MS,2015,4,online,75,strict,0.09279417411,0.533,0.450
MS,2015,4,tv,50,lenient,-6.184190907,0.800,0.367
MS,2015,4,tv,50,strict,1.471233203,0.083,0.283
MS,2015,4,tv,75,lenient,0.2609720575,0.183,0.083
MS,2015,4,tv,75,strict,-0.8704830932,0.783,0.650
MT,2015,1,online,50,lenient,0.6132621373,0.817,0.333
MT,2015,1,online,50,strict,-0.2557531095,0.467,0.617
MT,2015,1,online,75,lenient,1.452364744,0.500,0.150
MT,2015,1,online,75,strict,0.5822107956,0.367,0.617
MT,2015,1,tv,50,lenient,-1.679148919,0.117,0.217
MT,2015,1,tv,50,strict,5.370368421,0.317,0.350
MT,2015,1,tv,75,lenient,1.357327678,0.367,0.617
MT,2015,1,tv,75,strict,1.772084722,0.400,0.100
MT,2015,2,online,50,lenient,1.3173404,0.250,0.533
MT,2015,2,online,50,strict,0.3902053125,0.683,0.233
MT,2015,2,online,75,lenient,-0.8099199875,0.583,0.433
MT,2015,2,online,75,strict,0.5237769507,0.150,0.117
MT,2015,2,tv,50,lenient,-1.612744636,0.650,0.350
MT,2015,2,tv,50,strict,2.987603673,0.667,0.050
MT,2015,2,tv,75,lenient,3.320868706,0.200,0.033
MT,2015,2,tv,75,strict,0.7347113274,0.517,0.183
MT,2015,3,online,50,lenient,0.8493254654,0.550,0.167
MT,2015,3,online,50,strict,2.166322421,0.333,0.517
MT,2015,3,online,75,lenient,-0.4363194064,0.333,0.083
MT,2015,3,online,75,strict,0.00633105997,0.300,0.350
MT,2015,3,tv,50,lenient,-6.46718379,0.450,0.383
MT,2015,3,tv,50,strict,1.638779479,0.383,0.317
MT,2015,3,tv,75,lenient,-1.91988759,0.550,0.317
MT,2015,3,tv,75,strict,-1.664180578,0.267,0.800
MT,2015,4,online,50,lenient,-2.568273683,0.050,0.700
MT,2015,4,online,50,strict,-0.1560338379,0.700,0.150
MT,2015,4,online,75,lenient,0.359403933,0.233,0.617
MT,2015,4,online,75,strict,1.096737201,0.117,0.317
MT,2015,4,tv,50,lenient,13.64625048,0.800,0.133
MT,2015,4,tv,50,strict,-3.561572976,0.683,0.733
MT,2015,4,tv,75,lenient,-1.78898712,0.750,0.717
MT,2015,4,tv,75,strict,-0.02731954431,0.283,0.800
NC,2015,1,online,50,lenient,1.942768448,0.083,0.733
NC,2015,1,online,50,strict,2.539130542,0.500,0.083
NC,2015,1,online,75,lenient,-0.748560303,0.717,0.817
NC,2015,1,online,75,strict,0.1460221214,0.217,0.550
NC,2015,1,tv,50,lenient,2.858200445,0.833,0.217
NC,2015,1,tv,50,strict,-0.4099929349,0.700,0.783
NC,2015,1,tv,75,lenient,2.942465136,0.433,0.083
NC,2015,1,tv,75,strict,0.4220990597,0.717,0.250
NC,2015,2,online,50,lenient,2.226789383,0.483,0.350
NC,2015,2,online,50,strict,2.942858541,0.617,0.233
NC,2015,2,online,75,lenient,0.6459548548,0.617,0.117
NC,2015,2,online,75,strict,1.036267555,0.183,0.650
NC,2015,2,tv,50,lenient,3.431767733,0.800,0.300
NC,2015,2,tv,50,strict,7.342161716,0.167,0.767
NC,2015,2,tv,75,lenient,6.043318242,0.650,0.267
NC,2015,2,tv,75,strict,1.133936496,0.750,0.317
NC,2015,3,online,50,lenient,3.35384974,0.367,0.600
NC,2015,3,online,50,strict,2.811431015,0.333,0.350
NC,2015,3,online,75,lenient,1.633190866,0.833,0.200
NC,2015,3,online,75,strict,0.618257821,0.200,0.417
NC,2015,3,tv,50,lenient,7.172577926,0.450,0.067
NC,2015,3,tv,50,strict,-1.639015957,0.483,0.683
NC,2015,3,tv,75,lenient,-0.2424337141,0.733,0.117
NC,2015,3,tv,75,strict,1.434138816,0.033,0.200
NC,2015,4,online,50,lenient,-3.671434519,0.783,0.367
NC,2015,4,online,50,strict,0.966320509,0.017,0.817
NC,2015,4,online,75,lenient,-0.1190323298,0.300,0.433
NC,2015,4,online,75,strict,0.9232157404,0.217,0.133
NC,2015,4,tv,50,lenient,-8.141625194,0.167,0.683
NC,2015,4,tv,50,strict,-0.2316984574,0.583,0.033
NC,2015,4,tv,75,lenient,3.954383385,0.450,0.400
NC,2015,4,tv,75,strict,1.553937287,0.650,0.167
ND,2015,1,online,50,lenient,8.748159908,0.033,0.267
ND,2015,1,online,50,strict,0.05391130608,0.067,0.783
ND,2015,1,online,75,lenient,0.969593757,0.600,0.433
ND,2015,1,online,75,strict,1.065294001,0.083,0.800
ND,2015,1,tv,50,lenient,0.1881503027,0.800,0.467
ND,2015,1,tv,50,strict,2.095977068,0.517,0.083
ND,2015,1,tv,75,lenient,4.659667979,0.017,0.750
ND,2015,1,tv,75,strict,0.4018867073,0.417,0.533
ND,2015,2,online,50,lenient,3.909731245,0.267,0.367
ND,2015,2,online,50,strict,3.314984687,0.183,0.383
ND,2015,2,online,75,lenient,0.3348491223,0.783,0.567
ND,2015,2,online,75,strict,0.9181547796,0.650,0.217
ND,2015,2,tv,50,lenient,13.7508,0.083,0.483
ND,2015,2,tv,50,strict,4.406223142,0.183,0.800
ND,2015,2,tv,75,lenient,1.135765322,0.050,0.033
ND,2015,2,tv,75,strict,-1.50458993,0.267,0.583
ND,2015,3,online,50,lenient,-0.1332582162,0.450,0.567
ND,2015,3,online,50,strict,0.1139706577,0.750,0.517
ND,2015,3,online,75,lenient,1.98570806,0.200,0.367
ND,2015,3,online,75,strict,0.3156384151,0.333,0.567
ND,2015,3,tv,50,lenient,-5.486683577,0.683,0.133
ND,2015,3,tv,50,strict,3.327934095,0.333,0.267
ND,2015,3,tv,75,lenient,-0.9906331706,0.283,0.817
ND,2015,3,tv,75,strict,1.468513878,0.750,0.483
ND,2015,4,online,50,lenient,-2.065276346,0.500,0.700
ND,2015,4,online,50,strict,1.477963873,0.200,0.067
ND,2015,4,online,75,lenient,0.1634675893,0.567,0.633
ND,2015,4,online,75,strict,0.02651978293,0.233,0.183
ND,2015,4,tv,50,lenient,11.32850701,0.033,0.150
ND,2015,4,tv,50,strict,2.25903286,0.500,0.533
ND,2015,4,tv,75,lenient,0.2809196128,0.733,0.333
ND,2015,4,tv,75,strict,1.239009424,0.417,0.100
NE,2015,1,online,50,lenient,6.146205418,0.383,0.100
NE,2015,1,online,50,strict,1.895506442,0.217,0.450
NE,2015,1,online,75,lenient,1.108949338,0.383,0.483
NE,2015,1,online,75,strict,1.586687502,0.217,0.317
NE,2015,1,tv,50,lenient,-6.037753195,0.417,0.183
NE,2015,1,tv,50,strict,-5.515167585,0.517,0.150
NE,2015,1,tv,75,lenient,-3.951121135,0.833,0.300
NE,2015,1,tv,75,strict,2.751905845,0.833,0.117
NE,2015,2,online,50,lenient,2.154855708,0.067,0.633
NE,2015,2,online,50,strict,-1.374864142,0.717,0.700
NE,2015,2,online,75,lenient,-0.2288921483,0.283,0.717
NE,2015,2,online,75,strict,0.5720777002,0.617,0.700
NE,2015,2,tv,50,lenient,12.14026249,0.067,0.067
NE,2015,2,tv,50,strict,3.96241514,0.483,0.167
NE,2015,2,tv,75,lenient,-0.5511934239,0.383,0.783
NE,2015,2,tv,75,strict,2.548974624,0.283,0.100
NE,2015,3,online,50,lenient,0.08884650221,0.317,0.750
NE,2015,3,online,50,strict,4.763698361,0.583,0.667
NE,2015,3,online,75,lenient,-0.3762889459,0.667,0.700
NE,2015,3,online,75,strict,1.229029817,0.783,0.833
NE,2015,3,tv,50,lenient,-7.885552225,0.133,0.050
NE,2015,3,tv,50,strict,2.521025467,0.050,0.083
NE,2015,3,tv,75,lenient,2.973977748,0.667,0.200
NE,2015,3,tv,75,strict,2.081153202,0.533,0.583
NE,2015,4,online,50,lenient,4.853434912,0.617,0.483
NE,2015,4,online,50,strict,2.3244288,0.833,0.500
NE,2015,4,online,75,lenient,2.42342771,0.717,0.317
NE,2015,4,online,75,strict,1.212064422,0.483,0.617
NE,2015,4,tv,50,lenient,3.248707684,0.683,0.333
NE,2015,4,tv,50,strict,4.728479886,0.067,0.433
NE,2015,4,tv,75,lenient,1.010832527,0.217,0.267
NE,2015,4,tv,75,strict,2.013786973,0.150,0.600
NH,2015,1,online,50,lenient,-1.617236705,0.200,0.533
NH,2015,1,online,50,strict,4.074794405,0.533,0.800
NH,2015,1,online,75,lenient,1.075987239,0.167,0.433
NH,2015,1,online,75,strict,1.012415997,0.017,0.417
NH,2015,1,tv,50,lenient,-2.875663576,0.233,0.017
NH,2015,1,tv,50,strict,-0.8264082885,0.117,0.267
NH,2015,1,tv,75,lenient,0.08927012877,0.050,0.250
NH,2015,1,tv,75,strict,-1.225290489,0.333,0.033
NH,2015,2,online,50,lenient,-0.65912053,0.750,0.167
NH,2015,2,online,50,strict,2.88410628,0.633,0.500
NH,2015,2,online,75,lenient,1.11041298,0.650,0.167
NH,2015,2,online,75,strict,0.9939878577,0.317,0.433
NH,2015,2,tv,50,lenient,-3.335072972,0.667,0.183
NH,2015,2,tv,50,strict,-0.08538912504,0.650,0.383
NH,2015,2,tv,75,lenient,4.347788685,0.033,0.567
NH,2015,2,tv,75,strict,1.261827985,0.583,0.083
NH,2015,3,online,50,lenient,5.771973563,0.500,0.200
NH,2015,3,online,50,strict,-0.1691049617,0.383,0.417
NH,2015,3,online,75,lenient,-0.4053386102,0.050,0.483
NH,2015,3,online,75,strict,0.6200621014,0.783,0.767
NH,2015,3,tv,50,lenient,2.780808876,0.133,0.367
NH,2015,3,tv,50,strict,6.843681209,0.133,0.100
NH,2015,3,tv,75,lenient,5.380133998,0.767,0.700
NH,2015,3,tv,75,strict,2.293548127,0.767,0.333
NH,2015,4,online,50,lenient,2.199836087,0.050,0.217
NH,2015,4,online,50,strict,2.320052699,0.650,0.317
NH,2015,4,online,75,lenient,-1.340666059,0.483,0.383
NH,2015,4,online,75,strict,-0.5459018364,0.317,0.783
NH,2015,4,tv,50,lenient,-8.966978965,0.733,0.083
NH,2015,4,tv,50,strict,-3.782688507,0.017,0.767
NH,2015,4,tv,75,lenient,3.963459016,0.517,0.833
NH,2015,4,tv,75,strict,-1.447963659,0.383,0.317
NJ,2015,1,online,50,lenient,0.676531831,0.500,0.383
NJ,2015,1,online,50,strict,0.9597396607,0.650,0.400
NJ,2015,1,online,75,lenient,0.7961291805,0.550,0.450
NJ,2015,1,online,75,strict,0.3512865446,0.600,0.283
NJ,2015,1,tv,50,lenient,0.8168114893,0.283,0.500
NJ,2015,1,tv,50,strict,5.102863649,0.300,0.567
NJ,2015,1,tv,75,lenient,2.834660229,0.700,0.400
NJ,2015,1,tv,75,strict,0.2693208352,0.583,0.083
NJ,2015,2,online,50,lenient,3.280296354,0.817,0.783
NJ,2015,2,online,50,strict,1.448058012,0.267,0.500
NJ,2015,2,online,75,lenient,-1.235632963,0.833,0.767
NJ,2015,2,online,75,strict,0.2575244099,0.283,0.167
NJ,2015,2,tv,50,lenient,4.564674501,0.167,0.533
NJ,2015,2,tv,50,strict,-4.008945227,0.417,0.617
NJ,2015,2,tv,75,lenient,-0.3184411168,0.650,0.183
NJ,2015,2,tv,75,strict,0.2395654914,0.183,0.783
NJ,2015,3,online,50,lenient,1.562646846,0.583,0.317
NJ,2015,3,online,50,strict,2.719490324,0.333,0.667
NJ,2015,3,online,75,lenient,-0.06107968814,0.700,0.233
NJ,2015,3,online,75,strict,0.6991465929,0.067,0.567
NJ,2015,3,tv,50,lenient,4.468910948,0.483,0.283
NJ,2015,3,tv,50,strict,2.824476547,0.067,0.450
NJ,2015,3,tv,75,lenient,-2.151075255,0.500,0.367
NJ,2015,3,tv,75,strict,-0.7591523467,0.833,0.783
NJ,2015,4,online,50,lenient,-2.555284793,0.317,0.833
NJ,2015,4,online,50,strict,2.601103333,0.133,0.650
NJ,2015,4,online,75,lenient,0.5995511067,0.583,0.050
NJ,2015,4,online,75,strict,0.04674461764,0.433,0.517
NJ,2015,4,tv,50,lenient,-10.77627246,0.300,0.417
NJ,2015,4,tv,50,strict,2.192129523,0.533,0.650
NJ,2015,4,tv,75,lenient,-2.740656284,0.817,0.633
NJ,2015,4,tv,75,strict,0.7831084294,0.150,0.433
NM,2015,1,online,50,lenient,-5.937201834,0.483,0.233
NM,2015,1,online,50,strict,-0.2714820072,0.467,0.167
NM,2015,1,online,75,lenient,-0.005011784123,0.833,0.583
NM,2015,1,online,75,strict,0.4697418065,0.783,0.250
NM,2015,1,tv,50,lenient,18.28686289,0.800,0.817
NM,2015,1,tv,50,strict,3.439972144,0.133,0.300
NM,2015,1,tv,75,lenient,-1.95107015,0.467,0.733
NM,2015,1,tv,75,strict,-1.067724929,0.617,0.400
NM,2015,2,online,50,lenient,3.063126905,0.617,0.233
NM,2015,2,online,50,strict,0.4716454652,0.550,0.083
NM,2015,2,online,75,lenient,1.681742863,0.583,0.450
NM,2015,2,online,75,strict,0.8317224916,0.117,0.267
NM,2015,2,tv,50,lenient,6.160745966,0.733,0.467
NM,2015,2,tv,50,strict,3.947488105,0.717,0.633
NM,2015,2,tv,75,lenient,4.41788071,0.700,0.083
NM,2015,2,tv,75,strict,0.4605545044,0.100,0.567
NM,2015,3,online,50,lenient,-5.154145813,0.583,0.033
NM,2015,3,online,50,strict,2.120187281,0.150,0.667
NM,2015,3,online,75,lenient,1.304331903,0.250,0.417
NM,2015,3,online,75,strict,0.943184188,0.750,0.633
NM,2015,3,tv,50,lenient,-0.8068146182,0.767,0.433
NM,2015,3,tv,50,strict,0.820265393,0.433,0.383
NM,2015,3,tv,75,lenient,-0.4707899859,0.733,0.050
NM,2015,3,tv,75,strict,0.07289994711,0.067,0.633
NM,2015,4,online,50,lenient,0.2582625908,0.300,0.567
NM,2015,4,online,50,strict,-1.421097144,0.367,0.233
NM,2015,4,online,75,lenient,1.983572723,0.200,0.633
NM,2015,4,online,75,strict,0.08837747743,0.567,0.283
NM,2015,4,tv,50,lenient,12.39759148,0.417,0.183
NM,2015,4,tv,50,strict,2.748594897,0.417,0.150
NM,2015,4,tv,75,lenient,0.6223234355,0.467,0.300
NM,2015,4,tv,75,strict,-1.707019071,0.633,0.667
NV,2015,1,online,50,lenient,1.237188882,0.600,0.233
NV,2015,1,online,50,strict,2.322641469,0.150,0.483
NV,2015,1,online,75,lenient,-0.8537146119,0.667,0.650
NV,2015,1,online,75,strict,0.2429015175,0.083,0.683
NV,2015,1,tv,50,lenient,3.792726863,0.650,0.633
NV,2015,1,tv,50,strict,5.782081401,0.183,0.300
NV,2015,1,tv,75,lenient,0.1747725976,0.817,0.500
NV,2015,1,tv,75,strict,2.425327257,0.800,0.783
NV,2015,2,online,50,lenient,2.900668329,0.617,0.033
NV,2015,2,online,50,strict,1.361140224,0.233,0.350
NV,2015,2,online,75,lenient,1.963067119,0.433,0.467
NV,2015,2,online,75,strict,1.065388105,0.483,0.050
NV,2015,2,tv,50,lenient,3.76199208,0.550,0.283
NV,2015,2,tv,50,strict,-3.229727107,0.267,0.533
NV,2015,2,tv,75,lenient,-1.054481734,0.483,0.250
NV,2015,2,tv,75,strict,-0.6563568664,0.667,0.200
NV,2015,3,online,50,lenient,-0.4112014738,0.100,0.783
NV,2015,3,online,50,strict,-0.03641214711,0.167,0.417
NV,2015,3,online,75,lenient,1.894139874,0.217,0.517
NV,2015,3,online,75,strict,0.4132740135,0.450,0.217
NV,2015,3,tv,50,lenient,-3.067762076,0.333,0.500
NV,2015,3,tv,50,strict,-1.780696641,0.650,0.483
NV,2015,3,tv,75,lenient,0.06637116117,0.417,0.583
NV,2015,3,tv,75,strict,0.5219608618,0.583,0.633
NV,2015,4,online,50,lenient,2.353820648,0.783,0.183
NV,2015,4,online,50,strict,1.89295375,0.633,0.033
NV,2015,4,online,75,lenient,1.509937613,0.650,0.300
NV,2015,4,online,75,strict,0.7993287794,0.117,0.033
NV,2015,4,tv,50,lenient,4.07211252,0.683,0.700
NV,2015,4,tv,50,strict,-4.185447514,0.567,0.067
NV,2015,4,tv,75,lenient,0.01494385696,0.433,0.550
NV,2015,4,tv,75,strict,-0.2747006012,0.667,0.317
NY,2015,1,online,50,lenient,3.399419775,0.383,0.033
NY,2015,1,online,50,strict,2.400082964,0.817,0.633
NY,2015,1,online,75,lenient,1.086432932,0.717,0.100
NY,2015,1,online,75,strict,0.5389376738,0.600,0.267
NY,2015,1,tv,50,lenient,-8.490060419,0.317,0.650
NY,2015,1,tv,50,strict,-2.640679848,0.083,0.050
NY,2015,1,tv,75,lenient,5.635778339,0.517,0.367
NY,2015,1,tv,75,strict,1.276494448,0.733,0.300
NY,2015,2,online,50,lenient,-2.030754909,0.617,0.050
NY,2015,2,online,50,strict,0.2275565378,0.450,0.600
NY,2015,2,online,75,lenient,0.4752033832,0.533,0.617
NY,2015,2,online,75,strict,0.838139787,0.767,0.817
NY,2015,2,tv,50,lenient,10.57112408,0.500,0.767
NY,2015,2,tv,50,strict,1.879518013,0.350,0.083
NY,2015,2,tv,75,lenient,-0.2903478875,0.317,0.317
NY,2015,2,tv,75,strict,-0.684131905,0.133,0.750
NY,2015,3,online,50,lenient,8.184646493,0.533,0.817
NY,2015,3,online,50,strict,3.373317534,0.017,0.483
NY,2015,3,online,75,lenient,0.4149041571,0.383,0.450
NY,2015,3,online,75,strict,0.07242127763,0.567,0.517
NY,2015,3,tv,50,lenient,-5.464904666,0.017,0.117
NY,2015,3,tv,50,strict,0.14437416,0.150,0.100
NY,2015,3,tv,75,lenient,-0.7622731235,0.267,0.233
NY,2015,3,tv,75,strict,0.9704023766,0.783,0.483
NY,2015,4,online,50,lenient,2.331632917,0.517,0.567
NY,2015,4,online,50,strict,-0.1359366917,0.283,0.033
NY,2015,4,online,75,lenient,1.11748012,0.700,0.133
NY,2015,4,online,75,strict,1.506264042,0.100,0.600
NY,2015,4,tv,50,lenient,-4.388224349,0.083,0.200
NY,2015,4,tv,50,strict,5.353155843,0.233,0.167
NY,2015,4,tv,75,lenient,-1.05945857,0.767,0.367
NY,2015,4,tv,75,strict,0.5157522727,0.333,0.533
OH,2015,1,online,50,lenient,1.097046591,0.600,0.383
OH,2015,1,online,50,strict,2.288401948,0.217,0.783
OH,2015,1,online,75,lenient,0.6291176344,0.700,0.500
OH,2015,1,online,75,strict,1.536782732,0.483,0.283
OH,2015,1,tv,50,lenient,-5.562418004,0.533,0.583
OH,2015,1,tv,50,strict,2.737907839,0.233,0.500
OH,2015,1,tv,75,lenient,0.8051822878,0.517,0.433
OH,2015,1,tv,75,strict,0.7810970947,0.600,0.433
OH,2015,2,online,50,lenient,-3.746041789,0.150,0.517
OH,2015,2,online,50,strict,2.339775988,0.200,0.667
OH,2015,2,online,75,lenient,0.7992691943,0.333,0.133
OH,2015,2,online,75,strict,0.5447837254,0.650,0.700
OH,2015,2,tv,50,lenient,4.590962519,0.567,0.550
OH,2015,2,tv,50,strict,1.832203069,0.733,0.100
OH,2015,2,tv,75,lenient,0.5139633047,0.100,0.583
OH,2015,2,tv,75,strict,0.546830178,0.483,0.050
OH,2015,3,online,50,lenient,7.296279565,0.500,0.017
OH,2015,3,online,50,strict,1.619150786,0.017,0.117
OH,2015,3,online,75,lenient,1.024417575,0.217,0.700
OH,2015,3,online,75,strict,0.1032460275,0.733,0.100
OH,2015,3,tv,50,lenient,-0.3725422242,0.667,0.050
OH,2015,3,tv,50,strict,5.155913408,0.150,0.117
OH,2015,3,tv,75,lenient,-1.745382983,0.550,0.083
OH,2015,3,tv,75,strict,0.8517537871,0.517,0.283
OH,2015,4,online,50,lenient,3.522595262,0.683,0.300
OH,2015,4,online,50,strict,-0.05253135558,0.517,0.550
OH,2015,4,online,75,lenient,1.599913259,0.767,0.567
OH,2015,4,online,75,strict,1.126557179,0.567,0.667
OH,2015,4,tv,50,lenient,5.134299407,0.717,0.250
OH,2015,4,tv,50,strict,2.065992856,0.150,0.483
OH,2015,4,tv,75,lenient,3.078662277,0.783,0.417
OH,2015,4,tv,75,strict,-1.040220337,0.617,0.667
OK,2015,1,online,50,lenient,7.069213784,0.300,0.667
OK,2015,1,online,50,strict,-0.06213125551,0.050,0.717
OK,2015,1,online,75,lenient,0.1798842211,0.583,0.650
OK,2015,1,online,75,strict,0.8771712635,0.617,0.600
OK,2015,1,tv,50,lenient,3.304534927,0.517,0.133
OK,2015,1,tv,50,strict,-3.476721446,0.767,0.550
OK,2015,1,tv,75,lenient,-0.02538370404,0.400,0.033
OK,2015,1,tv,75,strict,2.069467494,0.683,0.333
OK,2015,2,online,50,lenient,0.3924356227,0.550,0.233
OK,2015,2,online,50,strict,1.577672759,0.733,0.500
OK,2015,2,online,75,lenient,0.511885649,0.817,0.600
OK,2015,2,online,75,strict,0.07968873361,0.483,0.433
OK,2015,2,tv,50,lenient,2.530687737,0.183,0.317
OK,2015,2,tv,50,strict,2.52530468,0.383,0.067
OK,2015,2,tv,75,lenient,0.4893829493,0.750,0.533
OK,2015,2,tv,75,strict,2.016402364,0.217,0.200
OK,2015,3,online,50,lenient,2.700043146,0.150,0.633
OK,2015,3,online,50,strict,0.5701354125,0.750,0.233
OK,2015,3,online,75,lenient,2.946289297,0.600,0.617
OK,2015,3,online,75,strict,0.5590246063,0.283,0.600
OK,2015,3,tv,50,lenient,14.51794712,0.333,0.300
OK,2015,3,tv,50,strict,-1.544864872,0.567,0.467
OK,2015,3,tv,75,lenient,-3.935514205,0.600,0.833
OK,2015,3,tv,75,strict,0.5517440388,0.167,0.683
OK,2015,4,online,50,lenient,-3.167994534,0.817,0.033
OK,2015,4,online,50,strict,1.685961993,0.267,0.733
OK,2015,4,online,75,lenient,-0.1129211146,0.767,0.800
OK,2015,4,online,75,strict,-0.3473344568,0.150,0.517
OK,2015,4,tv,50,lenient,6.416888041,0.067,0.417
OK,2015,4,tv,50,strict,-0.9037903434,0.283,0.317
OK,2015,4,tv,75,lenient,4.920476955,0.767,0.683
OK,2015,4,tv,75,strict,-0.2197188093,0.017,0.500
OR,2015,1,online,50,lenient,9.090405175,0.333,0.083
OR,2015,1,online,50,strict,-1.625409789,0.033,0.500
OR,2015,1,online,75,lenient,-0.9826147266,0.317,0.783
OR,2015,1,online,75,strict,0.147015072,0.017,0.500
OR,2015,1,tv,50,lenient,-9.524275992,0.017,0.217
OR,2015,1,tv,50,strict,-5.936793413,0.150,0.783
OR,2015,1,tv,75,lenient,3.322857844,0.283,0.717
OR,2015,1,tv,75,strict,0.6746578592,0.517,0.400
OR,2015,2,online,50,lenient,1.518582279,0.583,0.150
OR,2015,2,online,50,strict,-0.1147618836,0.167,0.150
OR,2015,2,online,75,lenient,2.133094315,0.050,0.650
OR,2015,2,online,75,strict,1.154494364,0.017,0.083
OR,2015,2,tv,50,lenient,8.712089863,0.550,0.717
OR,2015,2,tv,50,strict,3.89892024,0.767,0.267
OR,2015,2,tv,75,lenient,0.3961757892,0.550,0.200
OR,2015,2,tv,75,strict,-0.750895191,0.400,0.600
OR,2015,3,online,50,lenient,-2.87050257,0.550,0.683
OR,2015,3,online,50,strict,2.147718007,0.667,0.667
OR,2015,3,online,75,lenient,-0.582138783,0.383,0.317
OR,2015,3,online,75,strict,0.348064606,0.317,0.817
OR,2015,3,tv,50,lenient,-4.895642735,0.183,0.733
OR,2015,3,tv,50,strict,2.58715544,0.567,0.750
OR,2015,3,tv,75,lenient,0.6529650898,0.333,0.283
OR,2015,3,tv,75,strict,2.476009484,0.367,0.300
OR,2015,4,online,50,lenient,1.583312893,0.200,0.300
OR,2015,4,online,50,strict,1.163015455,0.700,0.633
OR,2015,4,online,75,lenient,0.6595308507,0.367,0.133
OR,2015,4,online,75,strict,0.4698381812,0.517,0.117
OR,2015,4,tv,50,lenient,17.80248109,0.250,0.483
OR,2015,4,tv,50,strict,2.731636166,0.500,0.433
OR,2015,4,tv,75,lenient,1.737531497,0.183,0.100
OR,2015,4,tv,75,strict,1.028657997,0.600,0.783
PA,2015,1,online,50,lenient,4.814194498,0.150,0.767
PA,2015,1,online,50,strict,0.1536339959,0.833,0.650
PA,2015,1,online,75,lenient,1.907964786,0.017,0.167
PA,2015,1,online,75,strict,-0.3028885746,0.267,0.417
PA,2015,1,tv,50,lenient,-6.141625762,0.567,0.217
PA,2015,1,tv,50,strict,4.650931378,0.700,0.400
PA,2015,1,tv,75,lenient,-1.782086179,0.567,0.733
PA,2015,1,tv,75,strict,0.1001492441,0.800,0.067
PA,2015,2,online,50,lenient,3.106329745,0.333,0.467
PA,2015,2,online,50,strict,1.723706128,0.567,0.250
PA,2015,2,online,75,lenient,-0.925726009,0.150,0.633
PA,2015,2,online,75,strict,0.4491529217,0.133,0.367
PA,2015,2,tv,50,lenient,8.975819055,0.467,0.500
PA,2015,2,tv,50,strict,5.639393836,0.783,0.483
PA,2015,2,tv,75,lenient,2.259356254,0.233,0.083
PA,2015,2,tv,75,strict,1.215146582,0.600,0.100
PA,2015,3,online,50,lenient,0.1191663863,0.533,0.417
PA,2015,3,online,50,strict,1.278868925,0.600,0.433
PA,2015,3,online,75,lenient,-0.6952083398,0.700,0.333
PA,2015,3,online,75,strict,0.3847467095,0.650,0.300
PA,2015,3,tv,50,lenient,-0.2200945432,0.417,0.067
PA,2015,3,tv,50,strict,-4.355881818,0.017,0.550
PA,2015,3,tv,75,lenient,0.3459575622,0.700,0.283
PA,2015,3,tv,75,strict,-0.3821976504,0.183,0.450
PA,2015,4,online,50,lenient,0.3618689128,0.767,0.267
PA,2015,4,online,50,strict,0.4559058563,0.750,0.400
PA,2015,4,online,75,lenient,0.963118459,0.017,0.217
PA,2015,4,online,75,strict,1.007157593,0.150,0.817
PA,2015,4,tv,50,lenient,-8.893998193,0.067,0.733
PA,2015,4,tv,50,strict,-6.892088134,0.017,0.417
PA,2015,4,tv,75,lenient,-3.116169843,0.733,0.433
PA,2015,4,tv,75,strict,0.1525208854,0.483,0.467
RI,2015,1,online,50,lenient,-2.383005788,0.283,0.317
RI,2015,1,online,50,strict,1.812154218,0.533,0.517
RI,2015,1,online,75,lenient,0.05357438834,0.500,0.233
RI,2015,1,online,75,strict,0.959851443,0.717,0.367
RI,2015,1,tv,50,lenient,10.80825732,0.617,0.533
RI,2015,1,tv,50,strict,2.228282353,0.417,0.300
RI,2015,1,tv,75,lenient,2.185770582,0.433,0.517
RI,2015,1,tv,75,strict,-1.279107465,0.200,0.800
RI,2015,2,online,50,lenient,0.8133867087,0.333,0.200
RI,2015,2,online,50,strict,-1.475321822,0.283,0.617
RI,2015,2,online,75,lenient,-0.0806097079,0.167,0.800
RI,2015,2,online,75,strict,-0.5703624315,0.417,0.200
RI,2015,2,tv,50,lenient,-0.4123638946,0.467,0.567
RI,2015,2,tv,50,strict,-2.117559361,0.800,0.433
RI,2015,2,tv,75,lenient,-0.9958937296,0.383,0.217
RI,2015,2,tv,75,strict,-0.2685327133,0.233,0.417
RI,2015,3,online,50,lenient,-2.151711095,0.733,0.733
RI,2015,3,online,50,strict,-2.150792859,0.783,0.767
RI,2015,3,online,75,lenient,1.048971703,0.367,0.283
RI,2015,3,online,75,strict,0.9072329143,0.650,0.267
RI,2015,3,tv,50,lenient,3.339480773,0.350,0.350
RI,2015,3,tv,50,strict,-0.5316800698,0.450,0.833
RI,2015,3,tv,75,lenient,3.445053921,0.050,0.100
RI,2015,3,tv,75,strict,-0.04096714462,0.083,0.683
RI,2015,4,online,50,lenient,5.858676593,0.250,0.283
RI,2015,4,online,50,strict,4.588840274,0.550,0.250
RI,2015,4,online,75,lenient,-1.509763723,0.400,0.200
RI,2015,4,online,75,strict,0.8885813633,0.817,0.450
RI,2015,4,tv,50,lenient,5.520609669,0.333,0.600
RI,2015,4,tv,50,strict,7.411609068,0.667,0.400
RI,2015,4,tv,75,lenient,-2.235414064,0.583,0.633
RI,2015,4,tv,75,strict,0.8967319339,0.533,0.300
SC,2015,1,online,50,lenient,-2.5581931,0.700,0.283
SC,2015,1,online,50,strict,3.322516023,0.617,0.517
SC,2015,1,online,75,lenient,0.7063572751,0.767,0.833
SC,2015,1,online,75,strict,0.4335950223,0.383,0.617
SC,2015,1,tv,50,lenient,7.035942477,0.383,0.117
SC,2015,1,tv,50,strict,-1.411195532,0.100,0.717
SC,2015,1,tv,75,lenient,0.8791433545,0.333,0.217
SC,2015,1,tv,75,strict,0.8510171788,0.367,0.350
SC,2015,2,online,50,lenient,-0.6750119012,0.017,0.017
SC,2015,2,online,50,strict,3.143247832,0.183,0.167
SC,2015,2,online,75,lenient,-0.6270872198,0.567,0.233
SC,2015,2,online,75,strict,0.8323173701,0.133,0.667
SC,2015,2,tv,50,lenient,1.144660367,0.317,0.033
SC,2015,2,tv,50,strict,1.916272598,0.833,0.417
SC,2015,2,tv,75,lenient,-0.9088092792,0.400,0.783
SC,2015,2,tv,75,strict,-1.970554629,0.750,0.567
SC,2015,3,online,50,lenient,-0.01543185422,0.333,0.267
SC,2015,3,online,50,strict,1.156125327,0.250,0.433
SC,2015,3,online,75,lenient,0.6164421422,0.517,0.217
SC,2015,3,online,75,strict,1.29517483,0.250,0.383
SC,2015,3,tv,50,lenient,-9.114105738,0.250,0.017
SC,2015,3,tv,50,strict,5.355334506,0.700,0.817
SC,2015,3,tv,75,lenient,-0.4703845607,0.567,0.400
SC,2015,3,tv,75,strict,1.704643555,0.383,0.217
SC,2015,4,online,50,lenient,-3.285858766,0.450,0.583
SC,2015,4,online,50,strict,0.9860805203,0.533,0.517
SC,2015,4,online,75,lenient,1.194407936,0.300,0.450
SC,2015,4,online,75,strict,0.0839838024,0.117,0.600
SC,2015,4,tv,50,lenient,1.523947441,0.667,0.150
SC,2015,4,tv,50,strict,3.083359991,0.433,0.833
SC,2015,4,tv,75,lenient,2.138303617,0.767,0.600
SC,2015,4,tv,75,strict,1.037779827,0.467,0.783
SD,2015,1,online,50,lenient,-4.358026537,0.533,0.317
SD,2015,1,online,50,strict,0.0454208142,0.483,0.500
SD,2015,1,online,75,lenient,-0.2167691329,0.033,0.100
SD,2015,1,online,75,strict,0.3337126442,0.083,0.533
SD,2015,1,tv,50,lenient,0.513045366,0.633,0.167
SD,2015,1,tv,50,strict,-3.419118214,0.017,0.733
SD,2015,1,tv,75,lenient,4.37956079,0.617,0.233
SD,2015,1,tv,75,strict,1.144872755,0.833,0.583
SD,2015,2,online,50,lenient,-0.8023535892,0.083,0.383
SD,2015,2,online,50,strict,1.811126577,0.450,0.717
SD,2015,2,online,75,lenient,-0.125602054,0.067,0.400
SD,2015,2,online,75,strict,0.1483322997,0.083,0.550
SD,2015,2,tv,50,lenient,-2.518378669,0.767,0.767
SD,2015,2,tv,50,strict,0.8847223876,0.233,0.333
SD,2015,2,tv,75,lenient,2.81904157,0.283,0.350
SD,2015,2,tv,75,strict,-0.6773933256,0.100,0.400
SD,2015,3,online,50,lenient,3.527921278,0.233,0.133
SD,2015,3,online,50,strict,-0.6380851783,0.550,0.550
SD,2015,3,online,75,lenient,-0.5546900133,0.033,0.517
SD,2015,3,online,75,strict,-0.1125778848,0.033,0.350
SD,2015,3,tv,50,lenient,11.73613045,0.667,0.350
SD,2015,3,tv,50,strict,2.257138482,0.583,0.150
SD,2015,3,tv,75,lenient,-4.24114196,0.683,0.233
SD,2015,3,tv,75,strict,0.1836514439,0.033,0.617
SD,2015,4,online,50,lenient,5.361819754,0.233,0.533
SD,2015,4,online,50,strict,-1.074931553,0.517,0.233
SD,2015,4,online,75,lenient,1.238202165,0.483,0.833
SD,2015,4,online,75,strict,1.226864346,0.300,0.183
SD,2015,4,tv,50,lenient,14.78439419,0.800,0.317
SD,2015,4,tv,50,strict,-1.479020189,0.717,0.400
SD,2015,4,tv,75,lenient,1.085529775,0.783,0.250
SD,2015,4,tv,75,strict,1.784821059,0.217,0.833
TN,2015,1,online,50,lenient,4.824925,0.250,0.533
TN,2015,1,online,50,strict,2.183031183,0.517,0.150
TN,2015,1,online,75,lenient,0.1471374805,0.167,0.217
TN,2015,1,online,75,strict,0.07696025077,0.017,0.067
TN,2015,1,tv,50,lenient,5.378480382,0.783,0.517
TN,2015,1,tv,50,strict,0.8108646936,0.300,0.033
TN,2015,1,tv,75,lenient,1.832780122,0.817,0.417
TN,2015,1,tv,75,strict,0.6647372957,0.050,0.550
TN,2015,2,online,50,lenient,-0.2970991725,0.017,0.183
TN,2015,2,online,50,strict,1.089767908,0.567,0.483
TN,2015,2,online,75,lenient,0.2130727608,0.200,0.400
TN,2015,2,online,75,strict,0.4413015862,0.400,0.583
TN,2015,2,tv,50,lenient,14.57710923,0.617,0.417
TN,2015,2,tv,50,strict,-2.009630567,0.450,0.367
TN,2015,2,tv,75,lenient,3.625840883,0.083,0.783
TN,2015,2,tv,75,strict,1.207665734,0.217,0.050
TN,2015,3,online,50,lenient,1.65423008,0.717,0.667
TN,2015,3,online,50,strict,1.446890673,0.500,0.050
TN,2015,3,online,75,lenient,1.060331687,0.600,0.533
TN,2015,3,online,75,strict,-0.3669359206,0.017,0.067
TN,2015,3,tv,50,lenient,8.327594376,0.533,0.467
TN,2015,3,tv,50,strict,4.985236209,0.750,0.233
TN,2015,3,tv,75,lenient,-1.826064992,0.100,0.650
TN,2015,3,tv,75,strict,-0.2498106019,0.800,0.500
TN,2015,4,online,50,lenient,0.8721706786,0.033,0.017
TN,2015,4,online,50,strict,-1.010449123,0.333,0.800
TN,2015,4,online,75,lenient,0.9411499142,0.700,0.700
TN,2015,4,online,75,strict,0.265389113,0.267,0.700
TN,2015,4,tv,50,lenient,0.06731313416,0.783,0.067
TN,2015,4,tv,50,strict,3.782592987,0.400,0.583
TN,2015,4,tv,75,lenient,0.3109359329,0.350,0.100
TN,2015,4,tv,75,strict,-0.3192779833,0.750,0.067
TX,2015,1,online,50,lenient,5.695931734,0.717,0.083
TX,2015,1,online,50,strict,1.732095914,0.667,0.117
TX,2015,1,online,75,lenient,2.554960462,0.783,0.317
TX,2015,1,online,75,strict,0.2658542475,0.067,0.167
TX,2015,1,tv,50,lenient,-4.155291409,0.833,0.167
TX,2015,1,tv,50,strict,-4.15380738,0.417,0.650
TX,2015,1,tv,75,lenient,2.750871698,0.233,0.317
TX,2015,1,tv,75,strict,2.948525737,0.283,0.717
TX,2015,2,online,50,lenient,3.671067532,0.050,0.583
TX,2015,2,online,50,strict,2.323492847,0.417,0.517
TX,2015,2,online,75,lenient,-0.1909153839,0.833,0.167
TX,2015,2,online,75,strict,0.498365444,0.833,0.267
TX,2015,2,tv,50,lenient,14.45982372,0.733,0.100
TX,2015,2,tv,50,strict,-5.302335507,0.400,0.283
TX,2015,2,tv,75,lenient,-0.6083957152,0.050,0.800
TX,2015,2,tv,75,strict,0.8989009763,0.700,0.517
TX,2015,3,online,50,lenient,6.559090939,0.033,0.833
TX,2015,3,online,50,strict,1.662516573,0.383,0.700
TX,2015,3,online,75,lenient,-0.9791698937,0.017,0.467
TX,2015,3,online,75,strict,-0.4241952855,0.733,0.733
TX,2015,3,tv,50,lenient,0.1243657691,0.800,0.483
TX,2015,3,tv,50,strict,9.913784279,0.183,0.517
TX,2015,3,tv,75,lenient,1.33335431,0.150,0.583
TX,2015,3,tv,75,strict,0.684547924,0.550,0.433
TX,2015,4,online,50,lenient,1.796304883,0.500,0.300
TX,2015,4,online,50,strict,2.522704161,0.700,0.350
TX,2015,4,online,75,lenient,0.3943275277,0.600,0.317
TX,2015,4,online,75,strict,-0.3865673058,0.133,0.617
TX,2015,4,tv,50,lenient,5.141302542,0.717,0.117
TX,2015,4,tv,50,strict,-6.210242309,0.533,0.083
TX,2015,4,tv,75,lenient,1.4454028,0.650,0.400
TX,2015,4,tv,75,strict,2.669767111,0.800,0.667
UT,2015,1,online,50,lenient,-0.09814703273,0.017,0.717
UT,2015,1,online,50,strict,1.937074808,0.300,0.317
UT,2015,1,online,75,lenient,-2.06122554,0.117,0.283
UT,2015,1,online,75,strict,0.8397132086,0.533,0.550
UT,2015,1,tv,50,lenient,5.103988115,0.050,0.250
UT,2015,1,tv,50,strict,-0.5814792281,0.333,0.333
UT,2015,1,tv,75,lenient,-0.01903149523,0.283,0.017
UT,2015,1,tv,75,strict,0.9108313967,0.633,0.750
UT,2015,2,online,50,lenient,1.334988782,0.467,0.117
UT,2015,2,online,50,strict,1.092614912,0.517,0.467
UT,2015,2,online,75,lenient,-0.6719152829,0.083,0.500
UT,2015,2,online,75,strict,0.481226531,0.683,0.717
UT,2015,2,tv,50,lenient,4.114823424,0.817,0.317
UT,2015,2,tv,50,strict,-3.563945619,0.617,0.333
UT,2015,2,tv,75,lenient,2.073597308,0.450,0.050
UT,2015,2,tv,75,strict,2.129196469,0.317,0.800
UT,2015,3,online,50,lenient,2.301563985,0.533,0.483
UT,2015,3,online,50,strict,1.484529931,0.550,0.100
UT,2015,3,online,75,lenient,2.201944223,0.833,0.050
UT,2015,3,online,75,strict,0.5050043112,0.317,0.617
UT,2015,3,tv,50,lenient,2.523445041,0.600,0.317
UT,2015,3,tv,50,strict,-4.317282666,0.483,0.617
UT,2015,3,tv,75,lenient,-0.3849384933,0.083,0.817
UT,2015,3,tv,75,strict,1.927550253,0.350,0.667
UT,2015,4,online,50,lenient,-4.990265541,0.583,0.350
UT,2015,4,online,50,strict,1.080260231,0.700,0.317
UT,2015,4,online,75,lenient,2.074940092,0.667,0.083
UT,2015,4,online,75,strict,-0.3650469658,0.183,0.650
UT,2015,4,tv,50,lenient,4.684444634,0.067,0.600
UT,2015,4,tv,50,strict,-3.469408796,0.700,0.733
UT,2015,4,tv,75,lenient,0.01476855858,0.767,0.083
UT,2015,4,tv,75,strict,-1.334632893,0.583,0.833
VA,2015,1,online,50,lenient,1.874887719,0.117,0.067
VA,2015,1,online,50,strict,-0.7567359449,0.567,0.067
VA,2015,1,online,75,lenient,1.020428837,0.283,0.800
VA,2015,1,online,75,strict,0.05903294162,0.583,0.767
VA,2015,1,tv,50,lenient,-10.76537489,0.283,0.500
VA,2015,1,tv,50,strict,3.126843932,0.117,0.633
VA,2015,1,tv,75,lenient,-2.32598412,0.567,0.017
VA,2015,1,tv,75,strict,1.243967621,0.683,0.417
VA,2015,2,online,50,lenient,5.173784536,0.367,0.733
VA,2015,2,online,50,strict,1.666565241,0.633,0.383
VA,2015,2,online,75,lenient,-1.037522196,0.617,0.433
VA,2015,2,online,75,strict,0.9105251988,0.267,0.450
VA,2015,2,tv,50,lenient,-5.610221947,0.483,0.033
VA,2015,2,tv,50,strict,3.30310744,0.117,0.533
VA,2015,2,tv,75,lenient,2.341752859,0.417,0.833
VA,2015,2,tv,75,strict,1.217750147,0.750,0.783
VA,2015,3,online,50,lenient,5.647923893,0.417,0.417
VA,2015,3,online,50,strict,4.066066776,0.233,0.250
VA,2015,3,online,75,lenient,1.742546001,0.600,0.083
VA,2015,3,online,75,strict,0.6067211658,0.367,0.217
VA,2015,3,tv,50,lenient,-4.238994691,0.600,0.067
VA,2015,3,tv,50,strict,-3.599127918,0.467,0.767
VA,2015,3,tv,75,lenient,0.1851896354,0.417,0.133
VA,2015,3,tv,75,strict,-0.3517395024,0.367,0.100
VA,2015,4,online,50,lenient,-3.443875603,0.467,0.650
VA,2015,4,online,50,strict,3.383630408,0.250,0.267
VA,2015,4,online,75,lenient,1.794238031,0.433,0.100
VA,2015,4,online,75,strict,0.9616998763,0.017,0.150
VA,2015,4,tv,50,lenient,-0.8094409848,0.100,0.550
VA,2015,4,tv,50,strict,1.26289401,0.350,0.167
VA,2015,4,tv,75,lenient,3.408581028,0.750,0.700
VA,2015,4,tv,75,strict,0.7844340559,0.550,0.833
VT,2015,1,online,50,lenient,2.676324086,0.700,0.483
VT,2015,1,online,50,strict,0.2499209107,0.717,0.783
VT,2015,1,online,75,lenient,-0.07386932971,0.633,0.033
VT,2015,1,online,75,strict,-0.6768053019,0.183,0.067
VT,2015,1,tv,50,lenient,-3.892777267,0.500,0.450
VT,2015,1,tv,50,strict,-1.859377625,0.483,0.517
VT,2015,1,tv,75,lenient,2.586855518,0.167,0.283
VT,2015,1,tv,75,strict,2.152343121,0.750,0.700
VT,2015,2,online,50,lenient,1.756601108,0.200,0.200
VT,2015,2,online,50,strict,-1.04298308,0.133,0.450
VT,2015,2,online,75,lenient,1.379339225,0.100,0.417
VT,2015,2,online,75,strict,0.8168809874,0.450,0.317
VT,2015,2,tv,50,lenient,-1.09878316,0.233,0.383
VT,2015,2,tv,50,strict,-4.232361468,0.233,0.333
VT,2015,2,tv,75,lenient,4.214086623,0.300,0.800
VT,2015,2,tv,75,strict,-0.1955512233,0.767,0.500
VT,2015,3,online,50,lenient,5.915410231,0.550,0.817
VT,2015,3,online,50,strict,3.690786979,0.250,0.583
VT,2015,3,online,75,lenient,-0.00684290245,0.617,0.283
VT,2015,3,online,75,strict,0.2814198775,0.650,0.267
VT,2015,3,tv,50,lenient,8.818642332,0.450,0.550
VT,2015,3,tv,50,strict,-0.1508870794,0.383,0.383
VT,2015,3,tv,75,lenient,0.9668092607,0.733,0.450
VT,2015,3,tv,75,strict,1.645025387,0.800,0.300
VT,2015,4,online,50,lenient,0.4910403551,0.633,0.733
VT,2015,4,online,50,strict,-0.2269687673,0.767,0.250
VT,2015,4,online,75,lenient,-1.021232695,0.767,0.233
VT,2015,4,online,75,strict,0.1442563946,0.317,0.133
VT,2015,4,tv,50,lenient,-11.1245529,0.650,0.333
VT,2015,4,tv,50,strict,-0.782724097,0.317,0.617
VT,2015,4,tv,75,lenient,3.848845458,0.067,0.100
VT,2015,4,tv,75,strict,2.581756564,0.367,0.283
WA,2015,1,online,50,lenient,6.840290169,0.717,0.200
WA,2015,1,online,50,strict,1.163388846,0.150,0.067
WA,2015,1,online,75,lenient,0.8010282601,0.617,0.750
WA,2015,1,online,75,strict,1.321506867,0.767,0.317
WA,2015,1,tv,50,lenient,9.290930787,0.733,0.100
WA,2015,1,tv,50,strict,5.902906259,0.167,0.300
WA,2015,1,tv,75,lenient,0.3843083105,0.217,0.750
WA,2015,1,tv,75,strict,1.086836502,0.183,0.733
WA,2015,2,online,50,lenient,1.586362364,0.467,0.100
WA,2015,2,online,50,strict,0.4710108109,0.100,0.450
WA,2015,2,online,75,lenient,-0.3316686539,0.600,0.567
WA,2015,2,online,75,strict,0.05860107219,0.750,0.750
WA,2015,2,tv,50,lenient,-7.059221298,0.300,0.533
WA,2015,2,tv,50,strict,2.872833458,0.167,0.267
WA,2015,2,tv,75,lenient,-1.974551571,0.733,0.300
WA,2015,2,tv,75,strict,0.9175764031,0.783,0.833
WA,2015,3,online,50,lenient,-5.1840235,0.833,0.200
WA,2015,3,online,50,strict,0.2259988172,0.033,0.283
WA,2015,3,online,75,lenient,-0.8694682748,0.717,0.267
WA,2015,3,online,75,strict,0.2950130922,0.117,0.300
WA,2015,3,tv,50,lenient,3.329624225,0.083,0.167
WA,2015,3,tv,50,strict,0.6834574452,0.233,0.600
WA,2015,3,tv,75,lenient,1.94201236,0.517,0.417
WA,2015,3,tv,75,strict,0.07984947437,0.817,0.233
WA,2015,4,online,50,lenient,3.7257005,0.267,0.367
WA,2015,4,online,50,strict,1.660609059,0.183,0.450
WA,2015,4,online,75,lenient,-0.04838077328,0.533,0.733
WA,2015,4,online,75,strict,1.136414134,0.433,0.167
WA,2015,4,tv,50,lenient,12.58314676,0.800,0.550
WA,2015,4,tv,50,strict,-0.6997192178,0.250,0.600
WA,2015,4,tv,75,lenient,1.358776053,0.267,0.300
WA,2015,4,tv,75,strict,1.617707924,0.250,0.117
WI,2015,1,online,50,lenient,-0.7824977673,0.467,0.583
WI,2015,1,online,50,strict,2.250222631,0.050,0.767
WI,2015,1,online,75,lenient,1.423794777,0.667,0.683
WI,2015,1,online,75,strict,-0.1490865898,0.700,0.533
WI,2015,1,tv,50,lenient,1.959698259,0.817,0.067
WI,2015,1,tv,50,strict,3.833461023,0.067,0.133
WI,2015,1,tv,75,lenient,1.941257508,0.717,0.817
WI,2015,1,tv,75,strict,1.64583833,0.017,0.500
WI,2015,2,online,50,lenient,-2.056481893,0.417,0.767
WI,2015,2,online,50,strict,0.7640803365,0.633,0.400
WI,2015,2,online,75,lenient,-1.377046449,0.250,0.400
WI,2015,2,online,75,strict,0.8060551916,0.033,0.800
WI,2015,2,tv,50,lenient,2.381462104,0.050,0.417
WI,2015,2,tv,50,strict,2.939374812,0.383,0.267
WI,2015,2,tv,75,lenient,0.06293793271,0.700,0.517
WI,2015,2,tv,75,strict,0.8748559042,0.350,0.450
WI,2015,3,online,50,lenient,-5.699959924,0.017,0.167
WI,2015,3,online,50,strict,-1.424215429,0.383,0.533
WI,2015,3,online,75,lenient,1.772240701,0.767,0.017
WI,2015,3,online,75,strict,-0.07009677978,0.600,0.300
WI,2015,3,tv,50,lenient,7.485141248,0.417,0.083
WI,2015,3,tv,50,strict,3.638199907,0.717,0.683
WI,2015,3,tv,75,lenient,3.120661805,0.033,0.817
WI,2015,3,tv,75,strict,0.0461029829,0.067,0.300
WI,2015,4,online,50,lenient,4.870724738,0.617,0.833
WI,2015,4,online,50,strict,3.483565208,0.450,0.233
WI,2015,4,online,75,lenient,1.213680478,0.217,0.433
WI,2015,4,online,75,strict,0.1128813307,0.150,0.117
WI,2015,4,tv,50,lenient,-3.307818976,0.167,0.267
WI,2015,4,tv,50,strict,1.29751075,0.750,0.450
WI,2015,4,tv,75,lenient,3.398212684,0.683,0.800
WI,2015,4,tv,75,strict,3.025954358,0.583,0.150
WV,2015,1,online,50,lenient,-2.180982815,0.250,0.833
WV,2015,1,online,50,strict,4.790312891,0.167,0.633
WV,2015,1,online,75,lenient,-1.178789046,0.367,0.017
WV,2015,1,online,75,strict,0.4670354176,0.267,0.783
WV,2015,1,tv,50,lenient,-4.201479495,0.183,0.150
WV,2015,1,tv,50,strict,6.031891666,0.267,0.200
WV,2015,1,tv,75,lenient,-2.021933686,0.650,0.650
WV,2015,1,tv,75,strict,0.4762927151,0.133,0.817
WV,2015,2,online,50,lenient,4.729795228,0.417,0.317
WV,2015,2,online,50,strict,0.8933759607,0.250,0.650
WV,2015,2,online,75,lenient,0.3551256061,0.500,0.183
WV,2015,2,online,75,strict,-0.1406161172,0.367,0.583
WV,2015,2,tv,50,lenient,-7.416123885,0.617,0.800
WV,2015,2,tv,50,strict,-0.7314338963,0.833,0.050
WV,2015,2,tv,75,lenient,3.867988374,0.217,0.767
WV,2015,2,tv,75,strict,0.3511573561,0.783,0.617
WV,2015,3,online,50,lenient,1.400233776,0.567,0.483
WV,2015,3,online,50,strict,-1.865875135,0.350,0.333
WV,2015,3,online,75,lenient,-0.7420790255,0.083,0.183
WV,2015,3,online,75,strict,0.1360237453,0.133,0.650
WV,2015,3,tv,50,lenient,4.940556039,0.683,0.767
WV,2015,3,tv,50,strict,-0.7709621608,0.367,0.833
WV,2015,3,tv,75,lenient,4.175807958,0.467,0.750
WV,2015,3,tv,75,strict,-1.030435913,0.050,0.183
WV,2015,4,online,50,lenient,-3.920115023,0.600,0.367
WV,2015,4,online,50,strict,2.157281088,0.100,0.367
WV,2015,4,online,75,lenient,0.3915498533,0.717,0.100
WV,2015,4,online,75,strict,0.2869915008,0.600,0.683
WV,2015,4,tv,50,lenient,4.021806807,0.317,0.400
WV,2015,4,tv,50,strict,1.576751842,0.550,0.133
WV,2015,4,tv,75,lenient,1.165702716,0.217,0.733
WV,2015,4,tv,75,strict,0.5811634806,0.783,0.700
WY,2015,1,online,50,lenient,-1.340019915,0.233,0.750
WY,2015,1,online,50,strict,3.030011785,0.050,0.817
WY,2015,1,online,75,lenient,1.549415662,0.500,0.017
WY,2015,1,online,75,strict,-0.5314538766,0.617,0.433
WY,2015,1,tv,50,lenient,-0.09031044231,0.267,0.350
WY,2015,1,tv,50,strict,1.480769412,0.700,0.683
WY,2015,1,tv,75,lenient,-2.970673235,0.300,0.383
WY,2015,1,tv,75,strict,0.8414052202,0.083,0.267
WY,2015,2,online,50,lenient,-1.68805188,0.650,0.233
WY,2015,2,online,50,strict,0.37079083,0.783,0.150
WY,2015,2,online,75,lenient,0.5764379478,0.417,0.133
WY,2015,2,online,75,strict,0.1328738066,0.250,0.600
WY,2015,2,tv,50,lenient,7.302488853,0.117,0.117
WY,2015,2,tv,50,strict,-4.154542504,0.067,0.733
WY,2015,2,tv,75,lenient,-1.794883695,0.317,0.100
WY,2015,2,tv,75,strict,-2.053793513,0.133,0.700
WY,2015,3,online,50,lenient,0.07515396238,0.283,0.050
WY,2015,3,online,50,strict,-0.2619756635,0.667,0.167
WY,2015,3,online,75,lenient,0.9305255369,0.483,0.617
WY,2015,3,online,75,strict,0.01521471054,0.817,0.217
WY,2015,3,tv,50,lenient,-1.278346075,0.683,0.617
WY,2015,3,tv,50,strict,1.956196116,0.400,0.833
WY,2015,3,tv,75,lenient,0.7457721574,0.250,0.800
WY,2015,3,tv,75,strict,1.842793277,0.800,0.517
WY,2015,4,online,50,lenient,7.893854474,0.833,0.433
WY,2015,4,online,50,strict,-0.971557434,0.317,0.750
WY,2015,4,online,75,lenient,0.5187882653,0.683,0.833
WY,2015,4,online,75,strict,0.06174470655,0.317,0.233
WY,2015,4,tv,50,lenient,7.738266668,0.450,0.717
WY,2015,4,tv,50,strict,8.791099538,0.300,0.567
WY,2015,4,tv,75,lenient,0.900586182,0.233,0.283
WY,2015,4,tv,75,strict,1.933379445,0.600,0.083
