period,period_label,state,medium,partisanship_scenario,diet_threshold,left_pct,right_pct,left_size,right_size
Last 12 months,Nov 2024 to Oct 2025,AK,tv,lenient,50,0.0964,0.1242,13813.0128,15174.6488
Last 12 months,Nov 2024 to Oct 2025,AK,tv,stringent,50,0.0444,0.1242,6157.1995,15174.6488
Last 12 months,Nov 2024 to Oct 2025,AL,tv,lenient,50,0.0569,0.1279,250551.4747,563992.0978
Last 12 months,Nov 2024 to Oct 2025,AL,tv,stringent,50,0.0244,0.1279,107514.4769,563992.0978
Last 12 months,Nov 2024 to Oct 2025,AR,tv,lenient,50,0.0446,0.1333,102387.7542,307523.1120
Last 12 months,Nov 2024 to Oct 2025,AR,tv,stringent,50,0.0149,0.1333,34103.1491,307523.1120
Last 12 months,Nov 2024 to Oct 2025,AZ,tv,lenient,50,0.0694,0.0874,410145.3005,515884.0332
Last 12 months,Nov 2024 to Oct 2025,AZ,tv,stringent,50,0.0295,0.0874,174263.4770,515884.0332
Last 12 months,Nov 2024 to Oct 2025,CA,tv,lenient,50,0.0762,0.0668,2512930.9056,2201927.8213
Last 12 months,Nov 2024 to Oct 2025,CA,tv,stringent,50,0.0332,0.0668,1093495.7419,2201927.8213
Last 12 months,Nov 2024 to Oct 2025,CO,tv,lenient,50,0.0603,0.0772,275931.6696,352933.9111
Last 12 months,Nov 2024 to Oct 2025,CO,tv,stringent,50,0.0288,0.0772,131886.6134,352933.9111
Last 12 months,Nov 2024 to Oct 2025,CT,tv,lenient,50,0.0863,0.1017,266290.6181,313639.9318
Last 12 months,Nov 2024 to Oct 2025,CT,tv,stringent,50,0.0444,0.1017,137231.5173,313639.9318
Last 12 months,Nov 2024 to Oct 2025,DC,tv,lenient,50,0.1265,0.0216,65093.8096,10984.5175
Last 12 months,Nov 2024 to Oct 2025,DC,tv,stringent,50,0.0406,0.0216,20976.7474,10984.5175
Last 12 months,Nov 2024 to Oct 2025,DE,tv,lenient,50,0.1104,0.0540,94478.6720,46479.8359
Last 12 months,Nov 2024 to Oct 2025,DE,tv,stringent,50,0.0491,0.0540,42274.2392,46479.8359
Last 12 months,Nov 2024 to Oct 2025,FL,tv,lenient,50,0.0763,0.1206,1494666.8297,2363837.4185
Last 12 months,Nov 2024 to Oct 2025,FL,tv,stringent,50,0.0351,0.1206,687726.9608,2363837.4185
Last 12 months,Nov 2024 to Oct 2025,GA,tv,lenient,50,0.0659,0.1128,634084.1854,1087015.2134
Last 12 months,Nov 2024 to Oct 2025,GA,tv,stringent,50,0.0261,0.1128,250567.3092,1087015.2134
Last 12 months,Nov 2024 to Oct 2025,HI,tv,lenient,50,0.0943,0.0626,75216.6649,50798.9232
Last 12 months,Nov 2024 to Oct 2025,HI,tv,stringent,50,0.0473,0.0626,36779.5375,50798.9232
Last 12 months,Nov 2024 to Oct 2025,IA,tv,lenient,50,0.0559,0.0722,148443.7948,192290.6169
Last 12 months,Nov 2024 to Oct 2025,IA,tv,stringent,50,0.0283,0.0722,75188.7586,192290.6169
Last 12 months,Nov 2024 to Oct 2025,ID,tv,lenient,50,0.0343,0.1120,43437.3431,141137.7354
Last 12 months,Nov 2024 to Oct 2025,ID,tv,stringent,50,0.0126,0.1120,15662.3337,141137.7354
Last 12 months,Nov 2024 to Oct 2025,IL,tv,lenient,50,0.0678,0.0738,744934.6217,811806.0613
Last 12 months,Nov 2024 to Oct 2025,IL,tv,stringent,50,0.0338,0.0738,371349.0749,811806.0613
Last 12 months,Nov 2024 to Oct 2025,IN,tv,lenient,50,0.0571,0.1125,354808.5604,699508.7198
Last 12 months,Nov 2024 to Oct 2025,IN,tv,stringent,50,0.0243,0.1125,150725.2338,699508.7198
Last 12 months,Nov 2024 to Oct 2025,KS,tv,lenient,50,0.0577,0.1372,154410.0859,368516.5795
Last 12 months,Nov 2024 to Oct 2025,KS,tv,stringent,50,0.0224,0.1372,59843.3752,368516.5795
Last 12 months,Nov 2024 to Oct 2025,KY,tv,lenient,50,0.0501,0.1112,186904.5687,415500.9192
Last 12 months,Nov 2024 to Oct 2025,KY,tv,stringent,50,0.0242,0.1112,90438.0285,415500.9192
Last 12 months,Nov 2024 to Oct 2025,LA,tv,lenient,50,0.0430,0.1153,164951.1454,443524.9797
Last 12 months,Nov 2024 to Oct 2025,LA,tv,stringent,50,0.0186,0.1153,71568.6742,443524.9797
Last 12 months,Nov 2024 to Oct 2025,MA,tv,lenient,50,0.0864,0.0644,514773.5523,384087.0851
Last 12 months,Nov 2024 to Oct 2025,MA,tv,stringent,50,0.0366,0.0644,218202.8665,384087.0851
Last 12 months,Nov 2024 to Oct 2025,MD,tv,lenient,50,0.1042,0.0723,555018.7580,385276.1337
Last 12 months,Nov 2024 to Oct 2025,MD,tv,stringent,50,0.0479,0.0723,254868.2725,385276.1337
Last 12 months,Nov 2024 to Oct 2025,ME,tv,lenient,50,0.0886,0.1111,101380.4219,127172.4272
Last 12 months,Nov 2024 to Oct 2025,ME,tv,stringent,50,0.0458,0.1111,52455.5402,127172.4272
Last 12 months,Nov 2024 to Oct 2025,MI,tv,lenient,50,0.0735,0.1138,584907.7444,905402.2307
Last 12 months,Nov 2024 to Oct 2025,MI,tv,stringent,50,0.0335,0.1138,266228.6084,905402.2307
Last 12 months,Nov 2024 to Oct 2025,MN,tv,lenient,50,0.0541,0.0752,263914.3946,366919.1266
Last 12 months,Nov 2024 to Oct 2025,MN,tv,stringent,50,0.0239,0.0752,116630.9707,366919.1266
Last 12 months,Nov 2024 to Oct 2025,MO,tv,lenient,50,0.0636,0.1022,326889.7152,525480.5115
Last 12 months,Nov 2024 to Oct 2025,MO,tv,stringent,50,0.0342,0.1022,175530.0467,525480.5115
Last 12 months,Nov 2024 to Oct 2025,MS,tv,lenient,50,0.0446,0.0841,100326.8012,189669.2299
Last 12 months,Nov 2024 to Oct 2025,MS,tv,stringent,50,0.0108,0.0841,24381.0822,189669.2299
Last 12 months,Nov 2024 to Oct 2025,MT,tv,lenient,50,0.0918,0.1397,64327.5760,97527.9931
Last 12 months,Nov 2024 to Oct 2025,MT,tv,stringent,50,0.0354,0.1397,25263.6487,97527.9931
Last 12 months,Nov 2024 to Oct 2025,NC,tv,lenient,50,0.0672,0.1055,652449.0440,1024856.2415
Last 12 months,Nov 2024 to Oct 2025,NC,tv,stringent,50,0.0301,0.1055,292469.1532,1024856.2415
Last 12 months,Nov 2024 to Oct 2025,ND,tv,lenient,50,0.0489,0.0959,30401.7938,59516.3436
Last 12 months,Nov 2024 to Oct 2025,ND,tv,stringent,50,0.0341,0.0959,21307.3849,59516.3436
Last 12 months,Nov 2024 to Oct 2025,NE,tv,lenient,50,0.0331,0.1421,56104.8533,239739.7051
Last 12 months,Nov 2024 to Oct 2025,NE,tv,stringent,50,0.0097,0.1421,16497.4105,239739.7051
Last 12 months,Nov 2024 to Oct 2025,NH,tv,lenient,50,0.0750,0.1526,87691.3692,178435.5137
Last 12 months,Nov 2024 to Oct 2025,NH,tv,stringent,50,0.0425,0.1526,49679.4123,178435.5137
Last 12 months,Nov 2024 to Oct 2025,NJ,tv,lenient,50,0.1114,0.0956,936838.6372,804655.2266
Last 12 months,Nov 2024 to Oct 2025,NJ,tv,stringent,50,0.0459,0.0956,385598.9766,804655.2266
Last 12 months,Nov 2024 to Oct 2025,NM,tv,lenient,50,0.0937,0.0567,164380.1722,99556.3229
Last 12 months,Nov 2024 to Oct 2025,NM,tv,stringent,50,0.0520,0.0567,91146.1727,99556.3229
Last 12 months,Nov 2024 to Oct 2025,NV,tv,lenient,50,0.0791,0.1113,213606.9749,300274.9914
Last 12 months,Nov 2024 to Oct 2025,NV,tv,stringent,50,0.0372,0.1113,100297.2513,300274.9914
Last 12 months,Nov 2024 to Oct 2025,NY,tv,lenient,50,0.0962,0.0909,1460374.7734,1380096.2327
Last 12 months,Nov 2024 to Oct 2025,NY,tv,stringent,50,0.0424,0.0909,643572.6772,1380096.2327
Last 12 months,Nov 2024 to Oct 2025,OH,tv,lenient,50,0.0630,0.1248,621034.9619,1230562.7330
Last 12 months,Nov 2024 to Oct 2025,OH,tv,stringent,50,0.0284,0.1248,279834.5572,1230562.7330
Last 12 months,Nov 2024 to Oct 2025,OK,tv,lenient,50,0.0485,0.0959,172274.8459,340833.8291
Last 12 months,Nov 2024 to Oct 2025,OK,tv,stringent,50,0.0236,0.0959,83706.4132,340833.8291
Last 12 months,Nov 2024 to Oct 2025,OR,tv,lenient,50,0.0950,0.0707,309804.2189,230330.6615
Last 12 months,Nov 2024 to Oct 2025,OR,tv,stringent,50,0.0514,0.0707,167466.1469,230330.6615
Last 12 months,Nov 2024 to Oct 2025,PA,tv,lenient,50,0.0777,0.1072,828100.7410,1142524.0039
Last 12 months,Nov 2024 to Oct 2025,PA,tv,stringent,50,0.0354,0.1072,377863.8081,1142524.0039
Last 12 months,Nov 2024 to Oct 2025,RI,tv,lenient,50,0.0800,0.1009,79442.6831,100205.6276
Last 12 months,Nov 2024 to Oct 2025,RI,tv,stringent,50,0.0338,0.1009,33649.5667,100205.6276
Last 12 months,Nov 2024 to Oct 2025,SC,tv,lenient,50,0.0459,0.1394,205797.9689,623540.6544
Last 12 months,Nov 2024 to Oct 2025,SC,tv,stringent,50,0.0191,0.1394,85761.1446,623540.6544
Last 12 months,Nov 2024 to Oct 2025,SD,tv,lenient,50,0.0440,0.1306,28924.1410,84483.9330
Last 12 months,Nov 2024 to Oct 2025,SD,tv,stringent,50,0.0149,0.1306,9822.6715,84483.9330
Last 12 months,Nov 2024 to Oct 2025,TN,tv,lenient,50,0.0559,0.1280,355852.8547,813848.8884
Last 12 months,Nov 2024 to Oct 2025,TN,tv,stringent,50,0.0217,0.1280,138011.4060,813848.8884
Last 12 months,Nov 2024 to Oct 2025,TX,tv,lenient,50,0.0524,0.0810,1353584.3743,2093989.8342
Last 12 months,Nov 2024 to Oct 2025,TX,tv,stringent,50,0.0220,0.0810,568126.1931,2093989.8342
Last 12 months,Nov 2024 to Oct 2025,UT,tv,lenient,50,0.0451,0.0710,124630.0384,196128.3943
Last 12 months,Nov 2024 to Oct 2025,UT,tv,stringent,50,0.0189,0.0710,52341.2276,196128.3943
Last 12 months,Nov 2024 to Oct 2025,VA,tv,lenient,50,0.0902,0.1054,719971.0248,842065.6389
Last 12 months,Nov 2024 to Oct 2025,VA,tv,stringent,50,0.0418,0.1054,333569.6036,842065.6389
Last 12 months,Nov 2024 to Oct 2025,VT,tv,lenient,50,0.0943,0.0634,30614.6753,21497.5726
Last 12 months,Nov 2024 to Oct 2025,VT,tv,stringent,50,0.0235,0.0634,8358.4996,21497.5726
Last 12 months,Nov 2024 to Oct 2025,WA,tv,lenient,50,0.0715,0.0751,457775.8247,482100.8540
Last 12 months,Nov 2024 to Oct 2025,WA,tv,stringent,50,0.0365,0.0751,233837.3845,482100.8540
Last 12 months,Nov 2024 to Oct 2025,WI,tv,lenient,50,0.0694,0.1080,359644.4979,560484.4064
Last 12 months,Nov 2024 to Oct 2025,WI,tv,stringent,50,0.0319,0.1080,165065.3658,560484.4064
Last 12 months,Nov 2024 to Oct 2025,WV,tv,lenient,50,0.0509,0.1355,80327.2346,215167.1484
Last 12 months,Nov 2024 to Oct 2025,WV,tv,stringent,50,0.0265,0.1355,41755.0106,215167.1484
Last 12 months,Nov 2024 to Oct 2025,WY,tv,lenient,50,0.0384,0.1549,15164.1873,61488.0599
Last 12 months,Nov 2024 to Oct 2025,WY,tv,stringent,50,0.0163,0.1549,6422.8615,61488.0599
Last 3 months,Aug 2025 to Oct 2025,AK,tv,lenient,50,0.0903,0.0140,13786.4346,2624.5111
Last 3 months,Aug 2025 to Oct 2025,AK,tv,stringent,50,0.0577,0.0140,8396.0044,2624.5111
Last 3 months,Aug 2025 to Oct 2025,AL,tv,lenient,50,0.0558,0.1238,236632.1931,524966.2646
Last 3 months,Aug 2025 to Oct 2025,AL,tv,stringent,50,0.0229,0.1238,97178.2186,524966.2646
Last 3 months,Aug 2025 to Oct 2025,AR,tv,lenient,50,0.0382,0.1272,88889.6497,295375.9066
Last 3 months,Aug 2025 to Oct 2025,AR,tv,stringent,50,0.0184,0.1272,43055.3136,295375.9066
Last 3 months,Aug 2025 to Oct 2025,AZ,tv,lenient,50,0.0676,0.0860,408427.4094,519195.8474
Last 3 months,Aug 2025 to Oct 2025,AZ,tv,stringent,50,0.0324,0.0860,195752.3746,519195.8474
Last 3 months,Aug 2025 to Oct 2025,CA,tv,lenient,50,0.0715,0.0623,2388836.0082,2080176.1115
Last 3 months,Aug 2025 to Oct 2025,CA,tv,stringent,50,0.0309,0.0623,1030434.6455,2080176.1115
Last 3 months,Aug 2025 to Oct 2025,CO,tv,lenient,50,0.0497,0.0602,229558.9138,277975.4816
Last 3 months,Aug 2025 to Oct 2025,CO,tv,stringent,50,0.0260,0.0602,120318.2462,277975.4816
Last 3 months,Aug 2025 to Oct 2025,CT,tv,lenient,50,0.0832,0.0924,258272.9665,286583.7492
Last 3 months,Aug 2025 to Oct 2025,CT,tv,stringent,50,0.0433,0.0924,134304.2397,286583.7492
Last 3 months,Aug 2025 to Oct 2025,DC,tv,lenient,50,0.1141,0.0233,53412.3210,10901.3545
Last 3 months,Aug 2025 to Oct 2025,DC,tv,stringent,50,0.0331,0.0233,15620.3042,10901.3545
Last 3 months,Aug 2025 to Oct 2025,DE,tv,lenient,50,0.1377,0.0522,115689.0372,44179.7029
Last 3 months,Aug 2025 to Oct 2025,DE,tv,stringent,50,0.0647,0.0522,54512.3299,44179.7029
Last 3 months,Aug 2025 to Oct 2025,FL,tv,lenient,50,0.0696,0.1110,1386631.5394,2213651.8412
Last 3 months,Aug 2025 to Oct 2025,FL,tv,stringent,50,0.0305,0.1110,607490.0019,2213651.8412
Last 3 months,Aug 2025 to Oct 2025,GA,tv,lenient,50,0.0566,0.1044,558117.8973,1029131.9940
Last 3 months,Aug 2025 to Oct 2025,GA,tv,stringent,50,0.0195,0.1044,192138.1343,1029131.9940
Last 3 months,Aug 2025 to Oct 2025,HI,tv,lenient,50,0.0788,0.0555,53140.2200,37459.4181
Last 3 months,Aug 2025 to Oct 2025,HI,tv,stringent,50,0.0577,0.0555,38749.8439,37459.4181
Last 3 months,Aug 2025 to Oct 2025,IA,tv,lenient,50,0.0563,0.0721,141927.7286,183972.8055
Last 3 months,Aug 2025 to Oct 2025,IA,tv,stringent,50,0.0253,0.0721,63743.8813,183972.8055
Last 3 months,Aug 2025 to Oct 2025,ID,tv,lenient,50,0.0352,0.1010,46550.1608,134778.4624
Last 3 months,Aug 2025 to Oct 2025,ID,tv,stringent,50,0.0003,0.1010,436.8444,134778.4624
Last 3 months,Aug 2025 to Oct 2025,IL,tv,lenient,50,0.0618,0.0731,690271.1548,816356.3534
Last 3 months,Aug 2025 to Oct 2025,IL,tv,stringent,50,0.0303,0.0731,338635.1092,816356.3534
Last 3 months,Aug 2025 to Oct 2025,IN,tv,lenient,50,0.0554,0.1063,344932.4148,661695.1593
Last 3 months,Aug 2025 to Oct 2025,IN,tv,stringent,50,0.0224,0.1063,139413.2188,661695.1593
Last 3 months,Aug 2025 to Oct 2025,KS,tv,lenient,50,0.0591,0.1124,156019.0580,295712.7803
Last 3 months,Aug 2025 to Oct 2025,KS,tv,stringent,50,0.0266,0.1124,70015.3782,295712.7803
Last 3 months,Aug 2025 to Oct 2025,KY,tv,lenient,50,0.0504,0.1021,183610.0280,371879.6834
Last 3 months,Aug 2025 to Oct 2025,KY,tv,stringent,50,0.0218,0.1021,79330.8707,371879.6834
Last 3 months,Aug 2025 to Oct 2025,LA,tv,lenient,50,0.0441,0.1079,168212.4450,411913.1649
Last 3 months,Aug 2025 to Oct 2025,LA,tv,stringent,50,0.0148,0.1079,56503.0608,411913.1649
Last 3 months,Aug 2025 to Oct 2025,MA,tv,lenient,50,0.0758,0.0640,459851.2053,388441.1943
Last 3 months,Aug 2025 to Oct 2025,MA,tv,stringent,50,0.0339,0.0640,205692.1539,388441.1943
Last 3 months,Aug 2025 to Oct 2025,MD,tv,lenient,50,0.0949,0.0688,505848.5334,366666.9478
Last 3 months,Aug 2025 to Oct 2025,MD,tv,stringent,50,0.0427,0.0688,228028.1709,366666.9478
Last 3 months,Aug 2025 to Oct 2025,ME,tv,lenient,50,0.0653,0.0970,78554.5448,116443.0118
Last 3 months,Aug 2025 to Oct 2025,ME,tv,stringent,50,0.0353,0.0970,42488.0335,116443.0118
Last 3 months,Aug 2025 to Oct 2025,MI,tv,lenient,50,0.0734,0.1119,570530.1782,869393.2314
Last 3 months,Aug 2025 to Oct 2025,MI,tv,stringent,50,0.0336,0.1119,260823.2669,869393.2314
Last 3 months,Aug 2025 to Oct 2025,MN,tv,lenient,50,0.0499,0.0687,246087.2143,338670.9860
Last 3 months,Aug 2025 to Oct 2025,MN,tv,stringent,50,0.0213,0.0687,105059.5021,338670.9860
Last 3 months,Aug 2025 to Oct 2025,MO,tv,lenient,50,0.0582,0.0850,305288.7168,446393.9447
Last 3 months,Aug 2025 to Oct 2025,MO,tv,stringent,50,0.0325,0.0850,170514.4990,446393.9447
Last 3 months,Aug 2025 to Oct 2025,MS,tv,lenient,50,0.0391,0.0742,87333.0345,165963.7190
Last 3 months,Aug 2025 to Oct 2025,MS,tv,stringent,50,0.0051,0.0742,11374.4395,165963.7190
Last 3 months,Aug 2025 to Oct 2025,MT,tv,lenient,50,0.0796,0.1636,52946.8994,109370.3802
Last 3 months,Aug 2025 to Oct 2025,MT,tv,stringent,50,0.0244,0.1636,17083.5609,109370.3802
Last 3 months,Aug 2025 to Oct 2025,NC,tv,lenient,50,0.0612,0.0970,604768.6267,958053.8385
Last 3 months,Aug 2025 to Oct 2025,NC,tv,stringent,50,0.0296,0.0970,292140.0113,958053.8385
Last 3 months,Aug 2025 to Oct 2025,ND,tv,lenient,50,0.0351,0.1232,21036.0236,75118.3208
Last 3 months,Aug 2025 to Oct 2025,ND,tv,stringent,50,0.0124,0.1232,7655.1449,75118.3208
Last 3 months,Aug 2025 to Oct 2025,NE,tv,lenient,50,0.0376,0.1398,65540.7135,242997.0671
Last 3 months,Aug 2025 to Oct 2025,NE,tv,stringent,50,0.0085,0.1398,14873.1840,242997.0671
Last 3 months,Aug 2025 to Oct 2025,NH,tv,lenient,50,0.0624,0.1405,69366.9145,155758.7635
Last 3 months,Aug 2025 to Oct 2025,NH,tv,stringent,50,0.0345,0.1405,38163.9945,155758.7635
Last 3 months,Aug 2025 to Oct 2025,NJ,tv,lenient,50,0.0999,0.0903,825570.5801,747667.5570
Last 3 months,Aug 2025 to Oct 2025,NJ,tv,stringent,50,0.0438,0.0903,361769.8510,747667.5570
Last 3 months,Aug 2025 to Oct 2025,NM,tv,lenient,50,0.0887,0.0571,156817.3521,100857.3872
Last 3 months,Aug 2025 to Oct 2025,NM,tv,stringent,50,0.0475,0.0571,84028.0218,100857.3872
Last 3 months,Aug 2025 to Oct 2025,NV,tv,lenient,50,0.0754,0.0825,205738.4032,224917.6424
Last 3 months,Aug 2025 to Oct 2025,NV,tv,stringent,50,0.0378,0.0825,102973.0934,224917.6424
Last 3 months,Aug 2025 to Oct 2025,NY,tv,lenient,50,0.0917,0.0874,1429919.2482,1361152.3000
Last 3 months,Aug 2025 to Oct 2025,NY,tv,stringent,50,0.0414,0.0874,646894.3604,1361152.3000
Last 3 months,Aug 2025 to Oct 2025,OH,tv,lenient,50,0.0535,0.1228,525774.5898,1206544.8481
Last 3 months,Aug 2025 to Oct 2025,OH,tv,stringent,50,0.0271,0.1228,266055.5446,1206544.8481
Last 3 months,Aug 2025 to Oct 2025,OK,tv,lenient,50,0.0528,0.0857,187679.8326,304757.6352
Last 3 months,Aug 2025 to Oct 2025,OK,tv,stringent,50,0.0208,0.0857,73929.6494,304757.6352
Last 3 months,Aug 2025 to Oct 2025,OR,tv,lenient,50,0.0914,0.0687,297585.4832,223672.4671
Last 3 months,Aug 2025 to Oct 2025,OR,tv,stringent,50,0.0587,0.0687,191057.7137,223672.4671
Last 3 months,Aug 2025 to Oct 2025,PA,tv,lenient,50,0.0703,0.0972,756487.7887,1045759.2051
Last 3 months,Aug 2025 to Oct 2025,PA,tv,stringent,50,0.0353,0.0972,379583.9514,1045759.2051
Last 3 months,Aug 2025 to Oct 2025,RI,tv,lenient,50,0.0786,0.0948,77359.2376,93304.7742
Last 3 months,Aug 2025 to Oct 2025,RI,tv,stringent,50,0.0324,0.0948,31869.3367,93304.7742
Last 3 months,Aug 2025 to Oct 2025,SC,tv,lenient,50,0.0463,0.1315,212047.2603,603468.2730
Last 3 months,Aug 2025 to Oct 2025,SC,tv,stringent,50,0.0211,0.1315,96778.7283,603468.2730
Last 3 months,Aug 2025 to Oct 2025,SD,tv,lenient,50,0.0514,0.1142,33690.5682,74985.4482
Last 3 months,Aug 2025 to Oct 2025,SD,tv,stringent,50,0.0183,0.1142,12153.6945,74985.4482
Last 3 months,Aug 2025 to Oct 2025,TN,tv,lenient,50,0.0550,0.1232,353570.2280,792168.6619
Last 3 months,Aug 2025 to Oct 2025,TN,tv,stringent,50,0.0177,0.1232,113704.2055,792168.6619
Last 3 months,Aug 2025 to Oct 2025,TX,tv,lenient,50,0.0490,0.0747,1275284.5396,1946449.1273
Last 3 months,Aug 2025 to Oct 2025,TX,tv,stringent,50,0.0199,0.0747,517870.7895,1946449.1273
Last 3 months,Aug 2025 to Oct 2025,UT,tv,lenient,50,0.0463,0.0615,128073.4765,170063.3942
Last 3 months,Aug 2025 to Oct 2025,UT,tv,stringent,50,0.0174,0.0615,48184.6483,170063.3942
Last 3 months,Aug 2025 to Oct 2025,VA,tv,lenient,50,0.0878,0.1105,708089.0630,891503.9044
Last 3 months,Aug 2025 to Oct 2025,VA,tv,stringent,50,0.0381,0.1105,307282.6346,891503.9044
Last 3 months,Aug 2025 to Oct 2025,VT,tv,lenient,50,0.1223,0.0413,31794.7079,10456.1794
Last 3 months,Aug 2025 to Oct 2025,VT,tv,stringent,50,0.0000,0.0413,0.0000,10456.1794
Last 3 months,Aug 2025 to Oct 2025,WA,tv,lenient,50,0.0638,0.0678,420847.9919,447135.6201
Last 3 months,Aug 2025 to Oct 2025,WA,tv,stringent,50,0.0354,0.0678,233498.5037,447135.6201
Last 3 months,Aug 2025 to Oct 2025,WI,tv,lenient,50,0.0709,0.0991,357565.7699,499872.1895
Last 3 months,Aug 2025 to Oct 2025,WI,tv,stringent,50,0.0388,0.0991,195366.5323,499872.1895
Last 3 months,Aug 2025 to Oct 2025,WV,tv,lenient,50,0.0454,0.1386,74363.5487,226488.8785
Last 3 months,Aug 2025 to Oct 2025,WV,tv,stringent,50,0.0217,0.1386,35480.8876,226488.8785
Last 3 months,Aug 2025 to Oct 2025,WY,tv,lenient,50,0.0377,0.1652,15434.7611,66537.8942
Last 3 months,Aug 2025 to Oct 2025,WY,tv,stringent,50,0.0178,0.1652,7220.0003,66537.8942
Last 6 months,May 2025 to Oct 2025,AK,tv,lenient,50,0.0726,0.1323,10353.7012,15162.9790
Last 6 months,May 2025 to Oct 2025,AK,tv,stringent,50,0.0410,0.1323,6019.6689,15162.9790
Last 6 months,May 2025 to Oct 2025,AL,tv,lenient,50,0.0572,0.1248,246114.7352,536731.0016
Last 6 months,May 2025 to Oct 2025,AL,tv,stringent,50,0.0231,0.1248,99645.3712,536731.0016
Last 6 months,May 2025 to Oct 2025,AR,tv,lenient,50,0.0459,0.1292,103937.0459,293165.4203
Last 6 months,May 2025 to Oct 2025,AR,tv,stringent,50,0.0154,0.1292,35215.0189,293165.4203
Last 6 months,May 2025 to Oct 2025,AZ,tv,lenient,50,0.0668,0.0814,400022.4653,487555.9789
Last 6 months,May 2025 to Oct 2025,AZ,tv,stringent,50,0.0301,0.0814,180261.8018,487555.9789
Last 6 months,May 2025 to Oct 2025,CA,tv,lenient,50,0.0757,0.0638,2514499.7380,2119984.0806
Last 6 months,May 2025 to Oct 2025,CA,tv,stringent,50,0.0324,0.0638,1076156.2074,2119984.0806
Last 6 months,May 2025 to Oct 2025,CO,tv,lenient,50,0.0551,0.0681,253204.2721,313101.4963
Last 6 months,May 2025 to Oct 2025,CO,tv,stringent,50,0.0268,0.0681,123492.3603,313101.4963
Last 6 months,May 2025 to Oct 2025,CT,tv,lenient,50,0.0857,0.0989,267669.5040,308838.9562
Last 6 months,May 2025 to Oct 2025,CT,tv,stringent,50,0.0465,0.0989,145130.2915,308838.9562
Last 6 months,May 2025 to Oct 2025,DC,tv,lenient,50,0.1225,0.0211,60929.0275,10230.5295
Last 6 months,May 2025 to Oct 2025,DC,tv,stringent,50,0.0337,0.0211,16688.5435,10230.5295
Last 6 months,May 2025 to Oct 2025,DE,tv,lenient,50,0.1242,0.0546,103259.3545,45497.5600
Last 6 months,May 2025 to Oct 2025,DE,tv,stringent,50,0.0503,0.0546,41937.4611,45497.5600
Last 6 months,May 2025 to Oct 2025,FL,tv,lenient,50,0.0731,0.1148,1437833.9757,2257167.0055
Last 6 months,May 2025 to Oct 2025,FL,tv,stringent,50,0.0318,0.1148,624687.7052,2257167.0055
Last 6 months,May 2025 to Oct 2025,GA,tv,lenient,50,0.0634,0.1071,615383.3306,1040189.2904
Last 6 months,May 2025 to Oct 2025,GA,tv,stringent,50,0.0226,0.1071,219686.9669,1040189.2904
Last 6 months,May 2025 to Oct 2025,HI,tv,lenient,50,0.0908,0.0527,61090.3244,35425.9277
Last 6 months,May 2025 to Oct 2025,HI,tv,stringent,50,0.0515,0.0527,34592.4074,35425.9277
Last 6 months,May 2025 to Oct 2025,IA,tv,lenient,50,0.0603,0.0761,155264.3149,197131.3575
Last 6 months,May 2025 to Oct 2025,IA,tv,stringent,50,0.0270,0.0761,69471.6763,197131.3575
Last 6 months,May 2025 to Oct 2025,ID,tv,lenient,50,0.0319,0.1022,40742.8629,130557.2249
Last 6 months,May 2025 to Oct 2025,ID,tv,stringent,50,0.0029,0.1022,3586.3792,130557.2249
Last 6 months,May 2025 to Oct 2025,IL,tv,lenient,50,0.0630,0.0726,700306.4844,806820.0748
Last 6 months,May 2025 to Oct 2025,IL,tv,stringent,50,0.0305,0.0726,339437.9775,806820.0748
Last 6 months,May 2025 to Oct 2025,IN,tv,lenient,50,0.0553,0.1080,343262.8948,671084.9065
Last 6 months,May 2025 to Oct 2025,IN,tv,stringent,50,0.0240,0.1080,148891.4102,671084.9065
Last 6 months,May 2025 to Oct 2025,KS,tv,lenient,50,0.0599,0.1082,158712.4426,286338.6244
Last 6 months,May 2025 to Oct 2025,KS,tv,stringent,50,0.0249,0.1082,65820.1062,286338.6244
Last 6 months,May 2025 to Oct 2025,KY,tv,lenient,50,0.0507,0.1037,185178.1154,378586.9786
Last 6 months,May 2025 to Oct 2025,KY,tv,stringent,50,0.0213,0.1037,77809.9089,378586.9786
Last 6 months,May 2025 to Oct 2025,LA,tv,lenient,50,0.0457,0.1082,173142.1197,410069.6731
Last 6 months,May 2025 to Oct 2025,LA,tv,stringent,50,0.0175,0.1082,66137.5185,410069.6731
Last 6 months,May 2025 to Oct 2025,MA,tv,lenient,50,0.0806,0.0614,486699.4973,371222.1770
Last 6 months,May 2025 to Oct 2025,MA,tv,stringent,50,0.0338,0.0614,204483.1278,371222.1770
Last 6 months,May 2025 to Oct 2025,MD,tv,lenient,50,0.0988,0.0713,527290.4300,380446.6832
Last 6 months,May 2025 to Oct 2025,MD,tv,stringent,50,0.0443,0.0713,236638.6185,380446.6832
Last 6 months,May 2025 to Oct 2025,ME,tv,lenient,50,0.0679,0.1078,80367.3591,126947.6193
Last 6 months,May 2025 to Oct 2025,ME,tv,stringent,50,0.0338,0.1078,39919.3158,126947.6193
Last 6 months,May 2025 to Oct 2025,MI,tv,lenient,50,0.0716,0.1113,565397.2514,878837.7448
Last 6 months,May 2025 to Oct 2025,MI,tv,stringent,50,0.0322,0.1113,253895.2797,878837.7448
Last 6 months,May 2025 to Oct 2025,MN,tv,lenient,50,0.0532,0.0702,263172.5086,347225.3422
Last 6 months,May 2025 to Oct 2025,MN,tv,stringent,50,0.0233,0.0702,115084.0371,347225.3422
Last 6 months,May 2025 to Oct 2025,MO,tv,lenient,50,0.0616,0.0910,317556.6833,469034.2338
Last 6 months,May 2025 to Oct 2025,MO,tv,stringent,50,0.0334,0.0910,172069.6535,469034.2338
Last 6 months,May 2025 to Oct 2025,MS,tv,lenient,50,0.0391,0.0766,88361.7375,172943.6093
Last 6 months,May 2025 to Oct 2025,MS,tv,stringent,50,0.0094,0.0766,21341.7779,172943.6093
Last 6 months,May 2025 to Oct 2025,MT,tv,lenient,50,0.0843,0.1446,59840.4596,101325.2429
Last 6 months,May 2025 to Oct 2025,MT,tv,stringent,50,0.0361,0.1446,26430.4821,101325.2429
Last 6 months,May 2025 to Oct 2025,NC,tv,lenient,50,0.0638,0.1011,627322.8505,993497.0480
Last 6 months,May 2025 to Oct 2025,NC,tv,stringent,50,0.0283,0.1011,278123.0466,993497.0480
Last 6 months,May 2025 to Oct 2025,ND,tv,lenient,50,0.0415,0.1109,24817.7694,67054.8984
Last 6 months,May 2025 to Oct 2025,ND,tv,stringent,50,0.0255,0.1109,15328.7690,67054.8984
Last 6 months,May 2025 to Oct 2025,NE,tv,lenient,50,0.0350,0.1439,60016.8077,245354.3641
Last 6 months,May 2025 to Oct 2025,NE,tv,stringent,50,0.0092,0.1439,15803.6565,245354.3641
Last 6 months,May 2025 to Oct 2025,NH,tv,lenient,50,0.0743,0.1455,85005.0610,165658.5897
Last 6 months,May 2025 to Oct 2025,NH,tv,stringent,50,0.0414,0.1455,47242.1340,165658.5897
Last 6 months,May 2025 to Oct 2025,NJ,tv,lenient,50,0.1089,0.0946,904604.9431,786624.8361
Last 6 months,May 2025 to Oct 2025,NJ,tv,stringent,50,0.0450,0.0946,373218.5104,786624.8361
Last 6 months,May 2025 to Oct 2025,NM,tv,lenient,50,0.0911,0.0572,160471.9953,100877.4162
Last 6 months,May 2025 to Oct 2025,NM,tv,stringent,50,0.0505,0.0572,88970.6773,100877.4162
Last 6 months,May 2025 to Oct 2025,NV,tv,lenient,50,0.0759,0.0923,203819.4690,247417.8042
Last 6 months,May 2025 to Oct 2025,NV,tv,stringent,50,0.0374,0.0923,100579.9560,247417.8042
Last 6 months,May 2025 to Oct 2025,NY,tv,lenient,50,0.0960,0.0871,1457510.4639,1323022.3592
Last 6 months,May 2025 to Oct 2025,NY,tv,stringent,50,0.0418,0.0871,635816.3508,1323022.3592
Last 6 months,May 2025 to Oct 2025,OH,tv,lenient,50,0.0574,0.1237,562749.7956,1213450.5422
Last 6 months,May 2025 to Oct 2025,OH,tv,stringent,50,0.0275,0.1237,269403.9859,1213450.5422
Last 6 months,May 2025 to Oct 2025,OK,tv,lenient,50,0.0484,0.0916,172437.1506,326187.6807
Last 6 months,May 2025 to Oct 2025,OK,tv,stringent,50,0.0212,0.0916,75324.5934,326187.6807
Last 6 months,May 2025 to Oct 2025,OR,tv,lenient,50,0.0933,0.0670,307031.2286,220566.1833
Last 6 months,May 2025 to Oct 2025,OR,tv,stringent,50,0.0571,0.0670,187793.4265,220566.1833
Last 6 months,May 2025 to Oct 2025,PA,tv,lenient,50,0.0744,0.1000,799811.8588,1075514.9787
Last 6 months,May 2025 to Oct 2025,PA,tv,stringent,50,0.0352,0.1000,378311.6995,1075514.9787
Last 6 months,May 2025 to Oct 2025,RI,tv,lenient,50,0.0831,0.0973,82190.9722,96216.4766
Last 6 months,May 2025 to Oct 2025,RI,tv,stringent,50,0.0334,0.0973,33018.6117,96216.4766
Last 6 months,May 2025 to Oct 2025,SC,tv,lenient,50,0.0470,0.1315,212316.8656,594493.5708
Last 6 months,May 2025 to Oct 2025,SC,tv,stringent,50,0.0197,0.1315,88951.2226,594493.5708
Last 6 months,May 2025 to Oct 2025,SD,tv,lenient,50,0.0493,0.1083,32641.1523,71905.9542
Last 6 months,May 2025 to Oct 2025,SD,tv,stringent,50,0.0161,0.1083,10650.5507,71905.9542
Last 6 months,May 2025 to Oct 2025,TN,tv,lenient,50,0.0569,0.1275,363302.4283,813811.5478
Last 6 months,May 2025 to Oct 2025,TN,tv,stringent,50,0.0196,0.1275,125018.2330,813811.5478
Last 6 months,May 2025 to Oct 2025,TX,tv,lenient,50,0.0518,0.0781,1343869.4008,2027150.0526
Last 6 months,May 2025 to Oct 2025,TX,tv,stringent,50,0.0205,0.0781,533017.9074,2027150.0526
Last 6 months,May 2025 to Oct 2025,UT,tv,lenient,50,0.0495,0.0644,136131.2589,176990.7294
Last 6 months,May 2025 to Oct 2025,UT,tv,stringent,50,0.0194,0.0644,53244.2987,176990.7294
Last 6 months,May 2025 to Oct 2025,VA,tv,lenient,50,0.0938,0.1070,752540.5704,858376.0943
Last 6 months,May 2025 to Oct 2025,VA,tv,stringent,50,0.0422,0.1070,338068.4767,858376.0943
Last 6 months,May 2025 to Oct 2025,VT,tv,lenient,50,0.0859,0.0469,24821.0829,14860.5400
Last 6 months,May 2025 to Oct 2025,VT,tv,stringent,50,0.0000,0.0469,0.0000,14860.5400
Last 6 months,May 2025 to Oct 2025,WA,tv,lenient,50,0.0669,0.0756,436175.1347,492683.2778
Last 6 months,May 2025 to Oct 2025,WA,tv,stringent,50,0.0352,0.0756,229647.1565,492683.2778
Last 6 months,May 2025 to Oct 2025,WI,tv,lenient,50,0.0683,0.1053,345515.1660,533497.5796
Last 6 months,May 2025 to Oct 2025,WI,tv,stringent,50,0.0346,0.1053,175058.4384,533497.5796
Last 6 months,May 2025 to Oct 2025,WV,tv,lenient,50,0.0486,0.1366,79541.5469,225234.2265
Last 6 months,May 2025 to Oct 2025,WV,tv,stringent,50,0.0213,0.1366,35064.1884,225234.2265
Last 6 months,May 2025 to Oct 2025,WY,tv,lenient,50,0.0368,0.1631,14615.6506,64010.9308
Last 6 months,May 2025 to Oct 2025,WY,tv,stringent,50,0.0120,0.1631,4843.2905,64010.9308
Since 2016,Jan 2016 to Oct 2025,AK,tv,lenient,50,0.0585,0.1012,20317.9748,35182.7868
Since 2016,Jan 2016 to Oct 2025,AK,tv,stringent,50,0.0341,0.1012,11689.6858,35182.7868
Since 2016,Jan 2016 to Oct 2025,AL,tv,lenient,50,0.0708,0.1299,296565.4534,542543.4274
Since 2016,Jan 2016 to Oct 2025,AL,tv,stringent,50,0.0274,0.1299,114554.3932,542543.4274
Since 2016,Jan 2016 to Oct 2025,AR,tv,lenient,50,0.0526,0.1127,128045.3639,273274.8619
Since 2016,Jan 2016 to Oct 2025,AR,tv,stringent,50,0.0189,0.1127,46191.8185,273274.8619
Since 2016,Jan 2016 to Oct 2025,AZ,tv,lenient,50,0.0857,0.0908,473402.8211,502631.4985
Since 2016,Jan 2016 to Oct 2025,AZ,tv,stringent,50,0.0348,0.0908,191586.6104,502631.4985
Since 2016,Jan 2016 to Oct 2025,CA,tv,lenient,50,0.1043,0.0676,3364204.4040,2182689.9900
Since 2016,Jan 2016 to Oct 2025,CA,tv,stringent,50,0.0439,0.0676,1415712.5655,2182689.9900
Since 2016,Jan 2016 to Oct 2025,CO,tv,lenient,50,0.0862,0.0862,385073.0666,385391.9277
Since 2016,Jan 2016 to Oct 2025,CO,tv,stringent,50,0.0385,0.0862,172310.7429,385391.9277
Since 2016,Jan 2016 to Oct 2025,CT,tv,lenient,50,0.1120,0.0953,330034.3523,281953.5466
Since 2016,Jan 2016 to Oct 2025,CT,tv,stringent,50,0.0495,0.0953,145858.7143,281953.5466
Since 2016,Jan 2016 to Oct 2025,DC,tv,lenient,50,0.1931,0.0193,107827.1985,10707.6095
Since 2016,Jan 2016 to Oct 2025,DC,tv,stringent,50,0.0966,0.0193,54245.1783,10707.6095
Since 2016,Jan 2016 to Oct 2025,DE,tv,lenient,50,0.1080,0.0784,88240.0507,63791.1046
Since 2016,Jan 2016 to Oct 2025,DE,tv,stringent,50,0.0426,0.0784,34940.4236,63791.1046
Since 2016,Jan 2016 to Oct 2025,FL,tv,lenient,50,0.0985,0.1106,1769928.8614,2000206.1231
Since 2016,Jan 2016 to Oct 2025,FL,tv,stringent,50,0.0409,0.1106,736616.9591,2000206.1231
Since 2016,Jan 2016 to Oct 2025,GA,tv,lenient,50,0.0888,0.1027,795945.4110,923521.8389
Since 2016,Jan 2016 to Oct 2025,GA,tv,stringent,50,0.0323,0.1027,290576.3137,923521.8389
Since 2016,Jan 2016 to Oct 2025,HI,tv,lenient,50,0.1057,0.0901,111786.7168,96821.1580
Since 2016,Jan 2016 to Oct 2025,HI,tv,stringent,50,0.0534,0.0901,56425.2152,96821.1580
Since 2016,Jan 2016 to Oct 2025,IA,tv,lenient,50,0.0583,0.0835,151267.6213,215007.6961
Since 2016,Jan 2016 to Oct 2025,IA,tv,stringent,50,0.0244,0.0835,63322.6815,215007.6961
Since 2016,Jan 2016 to Oct 2025,ID,tv,lenient,50,0.0372,0.1170,49503.8861,157089.4817
Since 2016,Jan 2016 to Oct 2025,ID,tv,stringent,50,0.0157,0.1170,21015.8319,157089.4817
Since 2016,Jan 2016 to Oct 2025,IL,tv,lenient,50,0.0892,0.0740,943673.8632,783710.1775
Since 2016,Jan 2016 to Oct 2025,IL,tv,stringent,50,0.0395,0.0740,418370.4841,783710.1775
Since 2016,Jan 2016 to Oct 2025,IN,tv,lenient,50,0.0674,0.0942,380266.4242,534527.2255
Since 2016,Jan 2016 to Oct 2025,IN,tv,stringent,50,0.0312,0.0942,175696.7938,534527.2255
Since 2016,Jan 2016 to Oct 2025,KS,tv,lenient,50,0.0624,0.1012,162965.7769,265698.7572
Since 2016,Jan 2016 to Oct 2025,KS,tv,stringent,50,0.0259,0.1012,67586.3834,265698.7572
Since 2016,Jan 2016 to Oct 2025,KY,tv,lenient,50,0.0616,0.1110,228246.1911,411015.5583
Since 2016,Jan 2016 to Oct 2025,KY,tv,stringent,50,0.0268,0.1110,99053.3561,411015.5583
Since 2016,Jan 2016 to Oct 2025,LA,tv,lenient,50,0.0696,0.1026,257851.8492,384466.3622
Since 2016,Jan 2016 to Oct 2025,LA,tv,stringent,50,0.0293,0.1026,108981.7582,384466.3622
Since 2016,Jan 2016 to Oct 2025,MA,tv,lenient,50,0.1262,0.0655,727605.2474,378332.0241
Since 2016,Jan 2016 to Oct 2025,MA,tv,stringent,50,0.0476,0.0655,274619.7301,378332.0241
Since 2016,Jan 2016 to Oct 2025,MD,tv,lenient,50,0.1428,0.0785,739185.2829,406912.7595
Since 2016,Jan 2016 to Oct 2025,MD,tv,stringent,50,0.0584,0.0785,302546.9571,406912.7595
Since 2016,Jan 2016 to Oct 2025,ME,tv,lenient,50,0.0925,0.0827,102174.5302,93625.9507
Since 2016,Jan 2016 to Oct 2025,ME,tv,stringent,50,0.0476,0.0827,52964.0609,93625.9507
Since 2016,Jan 2016 to Oct 2025,MI,tv,lenient,50,0.0823,0.0940,670450.6029,766649.0065
Since 2016,Jan 2016 to Oct 2025,MI,tv,stringent,50,0.0374,0.0940,304558.8085,766649.0065
Since 2016,Jan 2016 to Oct 2025,MN,tv,lenient,50,0.0776,0.0718,361089.6782,334943.2533
Since 2016,Jan 2016 to Oct 2025,MN,tv,stringent,50,0.0334,0.0718,155483.6046,334943.2533
Since 2016,Jan 2016 to Oct 2025,MO,tv,lenient,50,0.0712,0.0991,363814.3782,506274.6160
Since 2016,Jan 2016 to Oct 2025,MO,tv,stringent,50,0.0341,0.0991,174220.9828,506274.6160
Since 2016,Jan 2016 to Oct 2025,MS,tv,lenient,50,0.0626,0.1035,139214.9857,234350.8904
Since 2016,Jan 2016 to Oct 2025,MS,tv,stringent,50,0.0278,0.1035,61891.4580,234350.8904
Since 2016,Jan 2016 to Oct 2025,MT,tv,lenient,50,0.0679,0.1254,50922.8189,92379.9377
Since 2016,Jan 2016 to Oct 2025,MT,tv,stringent,50,0.0325,0.1254,24009.7018,92379.9377
Since 2016,Jan 2016 to Oct 2025,NC,tv,lenient,50,0.0839,0.0975,751915.5418,877315.8670
Since 2016,Jan 2016 to Oct 2025,NC,tv,stringent,50,0.0355,0.0975,318405.0159,877315.8670
Since 2016,Jan 2016 to Oct 2025,ND,tv,lenient,50,0.0487,0.1398,27412.5090,74780.8941
Since 2016,Jan 2016 to Oct 2025,ND,tv,stringent,50,0.0271,0.1398,14919.1270,74780.8941
Since 2016,Jan 2016 to Oct 2025,NE,tv,lenient,50,0.0466,0.1031,85474.6230,183085.4832
Since 2016,Jan 2016 to Oct 2025,NE,tv,stringent,50,0.0187,0.1031,34281.0010,183085.4832
Since 2016,Jan 2016 to Oct 2025,NH,tv,lenient,50,0.0973,0.1190,111611.9761,135602.6599
Since 2016,Jan 2016 to Oct 2025,NH,tv,stringent,50,0.0437,0.1190,50466.3558,135602.6599
Since 2016,Jan 2016 to Oct 2025,NJ,tv,lenient,50,0.1261,0.0958,1006785.6951,769472.9064
Since 2016,Jan 2016 to Oct 2025,NJ,tv,stringent,50,0.0474,0.0958,378902.9756,769472.9064
Since 2016,Jan 2016 to Oct 2025,NM,tv,lenient,50,0.0870,0.0799,148901.0421,136813.3881
Since 2016,Jan 2016 to Oct 2025,NM,tv,stringent,50,0.0408,0.0799,69817.6909,136813.3881
Since 2016,Jan 2016 to Oct 2025,NV,tv,lenient,50,0.0995,0.1209,247813.0222,301322.1488
Since 2016,Jan 2016 to Oct 2025,NV,tv,stringent,50,0.0462,0.1209,115220.6617,301322.1488
Since 2016,Jan 2016 to Oct 2025,NY,tv,lenient,50,0.1256,0.0777,1974365.7828,1218874.4103
Since 2016,Jan 2016 to Oct 2025,NY,tv,stringent,50,0.0539,0.0777,847872.0309,1218874.4103
Since 2016,Jan 2016 to Oct 2025,OH,tv,lenient,50,0.0786,0.1006,759109.0561,975114.7623
Since 2016,Jan 2016 to Oct 2025,OH,tv,stringent,50,0.0348,0.1006,335573.5584,975114.7623
Since 2016,Jan 2016 to Oct 2025,OK,tv,lenient,50,0.0557,0.1025,185685.3251,341550.3096
Since 2016,Jan 2016 to Oct 2025,OK,tv,stringent,50,0.0233,0.1025,77816.3098,341550.3096
Since 2016,Jan 2016 to Oct 2025,OR,tv,lenient,50,0.0935,0.0825,318566.6398,282753.3303
Since 2016,Jan 2016 to Oct 2025,OR,tv,stringent,50,0.0455,0.0825,155035.6424,282753.3303
Since 2016,Jan 2016 to Oct 2025,PA,tv,lenient,50,0.0953,0.1070,1013687.6114,1138143.4154
Since 2016,Jan 2016 to Oct 2025,PA,tv,stringent,50,0.0423,0.1070,449945.2980,1138143.4154
Since 2016,Jan 2016 to Oct 2025,RI,tv,lenient,50,0.0994,0.0757,90969.8203,70252.6655
Since 2016,Jan 2016 to Oct 2025,RI,tv,stringent,50,0.0446,0.0757,40775.3596,70252.6655
Since 2016,Jan 2016 to Oct 2025,SC,tv,lenient,50,0.0683,0.1138,297662.2160,501325.9617
Since 2016,Jan 2016 to Oct 2025,SC,tv,stringent,50,0.0300,0.1138,130931.8713,501325.9617
Since 2016,Jan 2016 to Oct 2025,SD,tv,lenient,50,0.0590,0.1246,38396.8396,80977.1434
Since 2016,Jan 2016 to Oct 2025,SD,tv,stringent,50,0.0295,0.1246,19658.4477,80977.1434
Since 2016,Jan 2016 to Oct 2025,TN,tv,lenient,50,0.0668,0.1205,383854.3692,695496.0681
Since 2016,Jan 2016 to Oct 2025,TN,tv,stringent,50,0.0290,0.1205,166885.0475,695496.0681
Since 2016,Jan 2016 to Oct 2025,TX,tv,lenient,50,0.0658,0.0788,1603940.7428,1919507.9694
Since 2016,Jan 2016 to Oct 2025,TX,tv,stringent,50,0.0249,0.0788,608840.7901,1919507.9694
Since 2016,Jan 2016 to Oct 2025,UT,tv,lenient,50,0.0551,0.0905,138774.6768,229824.9661
Since 2016,Jan 2016 to Oct 2025,UT,tv,stringent,50,0.0193,0.0905,48692.2158,229824.9661
Since 2016,Jan 2016 to Oct 2025,VA,tv,lenient,50,0.1032,0.1026,749317.0989,747137.2178
Since 2016,Jan 2016 to Oct 2025,VA,tv,stringent,50,0.0405,0.1026,294369.0104,747137.2178
Since 2016,Jan 2016 to Oct 2025,VT,tv,lenient,50,0.1340,0.0688,60607.8187,30777.2313
Since 2016,Jan 2016 to Oct 2025,VT,tv,stringent,50,0.0744,0.0688,34642.7765,30777.2313
Since 2016,Jan 2016 to Oct 2025,WA,tv,lenient,50,0.1010,0.0765,622352.4505,474178.6882
Since 2016,Jan 2016 to Oct 2025,WA,tv,stringent,50,0.0496,0.0765,306506.9523,474178.6882
Since 2016,Jan 2016 to Oct 2025,WI,tv,lenient,50,0.0678,0.0884,336429.2902,440275.7893
Since 2016,Jan 2016 to Oct 2025,WI,tv,stringent,50,0.0299,0.0884,148095.7511,440275.7893
Since 2016,Jan 2016 to Oct 2025,WV,tv,lenient,50,0.0598,0.1366,102649.1825,236692.9354
Since 2016,Jan 2016 to Oct 2025,WV,tv,stringent,50,0.0231,0.1366,39018.4910,236692.9354
Since 2016,Jan 2016 to Oct 2025,WY,tv,lenient,50,0.0505,0.1028,23633.5798,47480.6999
Since 2016,Jan 2016 to Oct 2025,WY,tv,stringent,50,0.0198,0.1028,9567.8548,47480.6999
Last 12 months,Oct 2024 to Sep 2025,AK,web,lenient,50,0.0065,0.0017,1360.5000,425.0833
Last 12 months,Oct 2024 to Sep 2025,AK,web,stringent,50,0.0015,0.0000,338.3333,0.0000
Last 12 months,Oct 2024 to Sep 2025,AL,web,lenient,50,0.0068,0.0113,18838.9167,30798.7500
Last 12 months,Oct 2024 to Sep 2025,AL,web,stringent,50,0.0024,0.0009,6686.7500,2416.9167
Last 12 months,Oct 2024 to Sep 2025,AR,web,lenient,50,0.0146,0.0098,23857.3333,16260.6667
Last 12 months,Oct 2024 to Sep 2025,AR,web,stringent,50,0.0072,0.0005,12037.7500,748.1667
Last 12 months,Oct 2024 to Sep 2025,AZ,web,lenient,50,0.0115,0.0284,46626.5833,114795.0833
Last 12 months,Oct 2024 to Sep 2025,AZ,web,stringent,50,0.0042,0.0068,17220.1667,27486.5000
Last 12 months,Oct 2024 to Sep 2025,CA,web,lenient,50,0.0176,0.0076,404593.7500,174806.0000
Last 12 months,Oct 2024 to Sep 2025,CA,web,stringent,50,0.0060,0.0033,137436.5000,74960.5833
Last 12 months,Oct 2024 to Sep 2025,CO,web,lenient,50,0.0178,0.0111,81860.2500,51721.7500
Last 12 months,Oct 2024 to Sep 2025,CO,web,stringent,50,0.0052,0.0030,23612.1667,14583.4167
Last 12 months,Oct 2024 to Sep 2025,CT,web,lenient,50,0.0141,0.0133,28746.6667,25837.6667
Last 12 months,Oct 2024 to Sep 2025,CT,web,stringent,50,0.0045,0.0001,8946.8333,109.9167
Last 12 months,Oct 2024 to Sep 2025,DC,web,lenient,50,0.0478,0.0079,13431.3333,2214.7500
Last 12 months,Oct 2024 to Sep 2025,DC,web,stringent,50,0.0079,0.0065,2168.4167,1829.9167
Last 12 months,Oct 2024 to Sep 2025,DE,web,lenient,50,0.0143,0.0067,10174.4167,4910.5000
Last 12 months,Oct 2024 to Sep 2025,DE,web,stringent,50,0.0044,0.0005,2957.2500,347.4167
Last 12 months,Oct 2024 to Sep 2025,FL,web,lenient,50,0.0083,0.0111,110545.1667,146586.4167
Last 12 months,Oct 2024 to Sep 2025,FL,web,stringent,50,0.0021,0.0030,27905.3333,39301.8333
Last 12 months,Oct 2024 to Sep 2025,GA,web,lenient,50,0.0107,0.0086,72323.9167,58271.6667
Last 12 months,Oct 2024 to Sep 2025,GA,web,stringent,50,0.0046,0.0028,31395.5000,18558.2500
Last 12 months,Oct 2024 to Sep 2025,HI,web,lenient,50,0.0170,0.0009,6605.1667,343.1667
Last 12 months,Oct 2024 to Sep 2025,HI,web,stringent,50,0.0100,0.0003,3964.1667,117.5000
Last 12 months,Oct 2024 to Sep 2025,IA,web,lenient,50,0.0116,0.0157,17942.4167,24669.5833
Last 12 months,Oct 2024 to Sep 2025,IA,web,stringent,50,0.0025,0.0021,3802.1667,3393.0000
Last 12 months,Oct 2024 to Sep 2025,ID,web,lenient,50,0.0084,0.0528,5412.0833,34137.8333
Last 12 months,Oct 2024 to Sep 2025,ID,web,stringent,50,0.0051,0.0238,3487.8333,14881.2500
Last 12 months,Oct 2024 to Sep 2025,IL,web,lenient,50,0.0123,0.0076,86995.8333,53048.5833
Last 12 months,Oct 2024 to Sep 2025,IL,web,stringent,50,0.0049,0.0028,34369.9167,19258.5833
Last 12 months,Oct 2024 to Sep 2025,IN,web,lenient,50,0.0089,0.0097,29572.6667,31197.8333
Last 12 months,Oct 2024 to Sep 2025,IN,web,stringent,50,0.0025,0.0051,7722.5000,16479.7500
Last 12 months,Oct 2024 to Sep 2025,KS,web,lenient,50,0.0081,0.0114,11711.4167,16243.5833
Last 12 months,Oct 2024 to Sep 2025,KS,web,stringent,50,0.0021,0.0023,3351.9167,3123.1667
Last 12 months,Oct 2024 to Sep 2025,KY,web,lenient,50,0.0168,0.0139,40359.0000,33234.9167
Last 12 months,Oct 2024 to Sep 2025,KY,web,stringent,50,0.0069,0.0020,16828.7500,4681.0000
Last 12 months,Oct 2024 to Sep 2025,LA,web,lenient,50,0.0087,0.0121,18415.2500,25616.6667
Last 12 months,Oct 2024 to Sep 2025,LA,web,stringent,50,0.0050,0.0053,10546.3333,11137.7500
Last 12 months,Oct 2024 to Sep 2025,MA,web,lenient,50,0.0144,0.0075,60137.9167,31678.4167
Last 12 months,Oct 2024 to Sep 2025,MA,web,stringent,50,0.0034,0.0028,14125.0833,11595.4167
Last 12 months,Oct 2024 to Sep 2025,MD,web,lenient,50,0.0165,0.0141,63365.0833,53807.5833
Last 12 months,Oct 2024 to Sep 2025,MD,web,stringent,50,0.0076,0.0007,28715.6667,2690.8333
Last 12 months,Oct 2024 to Sep 2025,ME,web,lenient,50,0.0076,0.0140,5436.0833,10842.0833
Last 12 months,Oct 2024 to Sep 2025,ME,web,stringent,50,0.0026,0.0001,1829.5000,97.5000
Last 12 months,Oct 2024 to Sep 2025,MI,web,lenient,50,0.0137,0.0118,76696.3333,66017.5000
Last 12 months,Oct 2024 to Sep 2025,MI,web,stringent,50,0.0080,0.0015,44416.9167,8044.6667
Last 12 months,Oct 2024 to Sep 2025,MN,web,lenient,50,0.0102,0.0116,34565.5833,38723.4167
Last 12 months,Oct 2024 to Sep 2025,MN,web,stringent,50,0.0035,0.0018,11768.5833,6239.2500
Last 12 months,Oct 2024 to Sep 2025,MO,web,lenient,50,0.0109,0.0139,40711.6667,52229.2500
Last 12 months,Oct 2024 to Sep 2025,MO,web,stringent,50,0.0039,0.0056,14642.2500,20947.4167
Last 12 months,Oct 2024 to Sep 2025,MS,web,lenient,50,0.0091,0.0066,12825.9167,9246.1667
Last 12 months,Oct 2024 to Sep 2025,MS,web,stringent,50,0.0060,0.0004,8418.6667,585.5000
Last 12 months,Oct 2024 to Sep 2025,MT,web,lenient,50,0.0151,0.0588,6335.4167,24168.5833
Last 12 months,Oct 2024 to Sep 2025,MT,web,stringent,50,0.0025,0.0026,1232.0833,1274.1667
Last 12 months,Oct 2024 to Sep 2025,NC,web,lenient,50,0.0156,0.0099,95199.0000,60492.1667
Last 12 months,Oct 2024 to Sep 2025,NC,web,stringent,50,0.0065,0.0030,39588.9167,18560.5000
Last 12 months,Oct 2024 to Sep 2025,ND,web,lenient,50,0.0072,0.0189,2625.9167,5681.3333
Last 12 months,Oct 2024 to Sep 2025,ND,web,stringent,50,0.0014,0.0056,424.2500,1658.9167
Last 12 months,Oct 2024 to Sep 2025,NE,web,lenient,50,0.0129,0.0110,12296.0000,10326.4167
Last 12 months,Oct 2024 to Sep 2025,NE,web,stringent,50,0.0033,0.0052,2944.9167,4882.5000
Last 12 months,Oct 2024 to Sep 2025,NH,web,lenient,50,0.0354,0.0229,47325.4167,30298.6667
Last 12 months,Oct 2024 to Sep 2025,NH,web,stringent,50,0.0193,0.0037,25787.3333,4416.5000
Last 12 months,Oct 2024 to Sep 2025,NJ,web,lenient,50,0.0145,0.0079,88326.0833,47824.7500
Last 12 months,Oct 2024 to Sep 2025,NJ,web,stringent,50,0.0053,0.0053,31658.1667,31756.0000
Last 12 months,Oct 2024 to Sep 2025,NM,web,lenient,50,0.0132,0.0143,12254.9167,13264.6667
Last 12 months,Oct 2024 to Sep 2025,NM,web,stringent,50,0.0084,0.0026,8099.6667,2404.0000
Last 12 months,Oct 2024 to Sep 2025,NV,web,lenient,50,0.0083,0.0068,15357.2500,12904.7500
Last 12 months,Oct 2024 to Sep 2025,NV,web,stringent,50,0.0034,0.0011,6198.2500,2059.0833
Last 12 months,Oct 2024 to Sep 2025,NY,web,lenient,50,0.0147,0.0102,167027.9167,116894.2500
Last 12 months,Oct 2024 to Sep 2025,NY,web,stringent,50,0.0056,0.0068,63610.5000,77969.3333
Last 12 months,Oct 2024 to Sep 2025,OH,web,lenient,50,0.0115,0.0136,84381.1667,98722.3333
Last 12 months,Oct 2024 to Sep 2025,OH,web,stringent,50,0.0041,0.0021,29621.8333,14998.1667
Last 12 months,Oct 2024 to Sep 2025,OK,web,lenient,50,0.0123,0.0175,25456.0833,36265.0000
Last 12 months,Oct 2024 to Sep 2025,OK,web,stringent,50,0.0046,0.0079,9330.2500,16472.5000
Last 12 months,Oct 2024 to Sep 2025,OR,web,lenient,50,0.0129,0.0060,28149.5000,13951.9167
Last 12 months,Oct 2024 to Sep 2025,OR,web,stringent,50,0.0051,0.0018,10838.9167,4058.9167
Last 12 months,Oct 2024 to Sep 2025,PA,web,lenient,50,0.0105,0.0123,84049.0000,97999.0833
Last 12 months,Oct 2024 to Sep 2025,PA,web,stringent,50,0.0050,0.0015,39807.5833,11625.0833
Last 12 months,Oct 2024 to Sep 2025,RI,web,lenient,50,0.0035,0.0010,1676.3333,518.5000
Last 12 months,Oct 2024 to Sep 2025,RI,web,stringent,50,0.0012,0.0007,558.0000,408.8333
Last 12 months,Oct 2024 to Sep 2025,SC,web,lenient,50,0.0109,0.0134,28749.1667,34909.9167
Last 12 months,Oct 2024 to Sep 2025,SC,web,stringent,50,0.0038,0.0040,10061.1667,10484.5833
Last 12 months,Oct 2024 to Sep 2025,SD,web,lenient,50,0.0051,0.0060,1909.8333,2193.6667
Last 12 months,Oct 2024 to Sep 2025,SD,web,stringent,50,0.0021,0.0032,729.4167,1111.7500
Last 12 months,Oct 2024 to Sep 2025,TN,web,lenient,50,0.0116,0.0147,40400.4167,51092.3333
Last 12 months,Oct 2024 to Sep 2025,TN,web,stringent,50,0.0053,0.0058,18623.4167,19960.9167
Last 12 months,Oct 2024 to Sep 2025,TX,web,lenient,50,0.0100,0.0116,170297.8333,197389.0000
Last 12 months,Oct 2024 to Sep 2025,TX,web,stringent,50,0.0036,0.0028,61062.8333,47781.0833
Last 12 months,Oct 2024 to Sep 2025,UT,web,lenient,50,0.0135,0.0711,14396.0000,70074.9167
Last 12 months,Oct 2024 to Sep 2025,UT,web,stringent,50,0.0036,0.0062,3574.8333,8308.6667
Last 12 months,Oct 2024 to Sep 2025,VA,web,lenient,50,0.0143,0.0078,75493.5833,41036.0833
Last 12 months,Oct 2024 to Sep 2025,VA,web,stringent,50,0.0067,0.0014,35085.9167,7611.2500
Last 12 months,Oct 2024 to Sep 2025,VT,web,lenient,50,0.0138,0.0000,2416.5833,0.0000
Last 12 months,Oct 2024 to Sep 2025,VT,web,stringent,50,0.0087,0.0000,1471.0000,0.0000
Last 12 months,Oct 2024 to Sep 2025,WA,web,lenient,50,0.0150,0.0140,71534.0000,66811.6667
Last 12 months,Oct 2024 to Sep 2025,WA,web,stringent,50,0.0058,0.0059,27763.2500,28736.0000
Last 12 months,Oct 2024 to Sep 2025,WI,web,lenient,50,0.0096,0.0079,31846.7500,27234.0833
Last 12 months,Oct 2024 to Sep 2025,WI,web,stringent,50,0.0052,0.0033,17563.0000,11688.5000
Last 12 months,Oct 2024 to Sep 2025,WV,web,lenient,50,0.0064,0.0146,6769.2500,14633.2500
Last 12 months,Oct 2024 to Sep 2025,WV,web,stringent,50,0.0006,0.0025,653.7500,2467.9167
Last 12 months,Oct 2024 to Sep 2025,WY,web,lenient,50,0.0157,0.0164,5741.0000,5888.8333
Last 12 months,Oct 2024 to Sep 2025,WY,web,stringent,50,0.0092,0.0049,3336.9167,1755.3333
Last 3 months,Jul 2025 to Sep 2025,AK,web,lenient,50,0.0142,0.0000,2613.6667,0.0000
Last 3 months,Jul 2025 to Sep 2025,AK,web,stringent,50,0.0029,0.0000,576.3333,0.0000
Last 3 months,Jul 2025 to Sep 2025,AL,web,lenient,50,0.0104,0.0078,29169.6667,22045.6667
Last 3 months,Jul 2025 to Sep 2025,AL,web,stringent,50,0.0057,0.0003,15818.6667,763.3333
Last 3 months,Jul 2025 to Sep 2025,AR,web,lenient,50,0.0036,0.0028,5514.0000,4284.3333
Last 3 months,Jul 2025 to Sep 2025,AR,web,stringent,50,0.0003,0.0000,437.6667,0.0000
Last 3 months,Jul 2025 to Sep 2025,AZ,web,lenient,50,0.0136,0.0486,51892.0000,190069.0000
Last 3 months,Jul 2025 to Sep 2025,AZ,web,stringent,50,0.0019,0.0137,7497.3333,54481.0000
Last 3 months,Jul 2025 to Sep 2025,CA,web,lenient,50,0.0190,0.0063,422635.6667,140087.0000
Last 3 months,Jul 2025 to Sep 2025,CA,web,stringent,50,0.0071,0.0023,157214.3333,50810.0000
Last 3 months,Jul 2025 to Sep 2025,CO,web,lenient,50,0.0193,0.0132,84869.3333,61181.6667
Last 3 months,Jul 2025 to Sep 2025,CO,web,stringent,50,0.0037,0.0047,13542.6667,22648.3333
Last 3 months,Jul 2025 to Sep 2025,CT,web,lenient,50,0.0184,0.0166,39846.6667,36576.6667
Last 3 months,Jul 2025 to Sep 2025,CT,web,stringent,50,0.0040,0.0002,8465.3333,439.6667
Last 3 months,Jul 2025 to Sep 2025,DC,web,lenient,50,0.0463,0.0057,15357.6667,1909.0000
Last 3 months,Jul 2025 to Sep 2025,DC,web,stringent,50,0.0013,0.0030,436.6667,969.6667
Last 3 months,Jul 2025 to Sep 2025,DE,web,lenient,50,0.0218,0.0100,17491.3333,8287.6667
Last 3 months,Jul 2025 to Sep 2025,DE,web,stringent,50,0.0040,0.0000,2678.0000,0.0000
Last 3 months,Jul 2025 to Sep 2025,FL,web,lenient,50,0.0084,0.0142,109743.0000,184259.6667
Last 3 months,Jul 2025 to Sep 2025,FL,web,stringent,50,0.0027,0.0046,35493.3333,59683.6667
Last 3 months,Jul 2025 to Sep 2025,GA,web,lenient,50,0.0130,0.0091,88266.6667,62081.0000
Last 3 months,Jul 2025 to Sep 2025,GA,web,stringent,50,0.0067,0.0012,46300.0000,8583.6667
Last 3 months,Jul 2025 to Sep 2025,HI,web,lenient,50,0.0025,0.0000,1148.3333,0.0000
Last 3 months,Jul 2025 to Sep 2025,HI,web,stringent,50,0.0025,0.0000,1148.3333,0.0000
Last 3 months,Jul 2025 to Sep 2025,IA,web,lenient,50,0.0098,0.0142,14431.3333,21137.6667
Last 3 months,Jul 2025 to Sep 2025,IA,web,stringent,50,0.0013,0.0009,1969.6667,1319.3333
Last 3 months,Jul 2025 to Sep 2025,ID,web,lenient,50,0.0087,0.0605,4629.0000,34440.6667
Last 3 months,Jul 2025 to Sep 2025,ID,web,stringent,50,0.0018,0.0366,954.6667,19691.0000
Last 3 months,Jul 2025 to Sep 2025,IL,web,lenient,50,0.0158,0.0076,108541.3333,52210.6667
Last 3 months,Jul 2025 to Sep 2025,IL,web,stringent,50,0.0067,0.0051,45167.3333,35480.6667
Last 3 months,Jul 2025 to Sep 2025,IN,web,lenient,50,0.0063,0.0116,19124.0000,35418.0000
Last 3 months,Jul 2025 to Sep 2025,IN,web,stringent,50,0.0015,0.0078,4503.6667,24088.6667
Last 3 months,Jul 2025 to Sep 2025,KS,web,lenient,50,0.0043,0.0092,5773.3333,12211.6667
Last 3 months,Jul 2025 to Sep 2025,KS,web,stringent,50,0.0023,0.0006,3109.0000,892.6667
Last 3 months,Jul 2025 to Sep 2025,KY,web,lenient,50,0.0098,0.0078,21626.6667,17421.6667
Last 3 months,Jul 2025 to Sep 2025,KY,web,stringent,50,0.0041,0.0004,8896.6667,896.0000
Last 3 months,Jul 2025 to Sep 2025,LA,web,lenient,50,0.0091,0.0127,19892.3333,28847.0000
Last 3 months,Jul 2025 to Sep 2025,LA,web,stringent,50,0.0056,0.0051,12154.6667,11669.3333
Last 3 months,Jul 2025 to Sep 2025,MA,web,lenient,50,0.0090,0.0047,34663.3333,18182.3333
Last 3 months,Jul 2025 to Sep 2025,MA,web,stringent,50,0.0034,0.0024,13204.0000,9339.3333
Last 3 months,Jul 2025 to Sep 2025,MD,web,lenient,50,0.0198,0.0194,72572.3333,71484.3333
Last 3 months,Jul 2025 to Sep 2025,MD,web,stringent,50,0.0122,0.0022,44090.0000,7946.6667
Last 3 months,Jul 2025 to Sep 2025,ME,web,lenient,50,0.0095,0.0018,6057.3333,1104.0000
Last 3 months,Jul 2025 to Sep 2025,ME,web,stringent,50,0.0043,0.0000,2717.0000,0.0000
Last 3 months,Jul 2025 to Sep 2025,MI,web,lenient,50,0.0187,0.0107,101340.0000,57728.3333
Last 3 months,Jul 2025 to Sep 2025,MI,web,stringent,50,0.0130,0.0017,70442.3333,8920.3333
Last 3 months,Jul 2025 to Sep 2025,MN,web,lenient,50,0.0043,0.0113,13610.0000,35782.3333
Last 3 months,Jul 2025 to Sep 2025,MN,web,stringent,50,0.0009,0.0011,2736.3333,3657.0000
Last 3 months,Jul 2025 to Sep 2025,MO,web,lenient,50,0.0114,0.0141,42417.0000,52165.3333
Last 3 months,Jul 2025 to Sep 2025,MO,web,stringent,50,0.0040,0.0032,15174.0000,11569.6667
Last 3 months,Jul 2025 to Sep 2025,MS,web,lenient,50,0.0064,0.0080,8939.6667,11034.6667
Last 3 months,Jul 2025 to Sep 2025,MS,web,stringent,50,0.0047,0.0000,6766.0000,0.0000
Last 3 months,Jul 2025 to Sep 2025,MT,web,lenient,50,0.0439,0.0544,18710.0000,22164.0000
Last 3 months,Jul 2025 to Sep 2025,MT,web,stringent,50,0.0098,0.0000,4928.3333,0.0000
Last 3 months,Jul 2025 to Sep 2025,NC,web,lenient,50,0.0165,0.0140,100380.3333,85393.6667
Last 3 months,Jul 2025 to Sep 2025,NC,web,stringent,50,0.0063,0.0038,38182.3333,23083.0000
Last 3 months,Jul 2025 to Sep 2025,ND,web,lenient,50,0.0028,0.0274,890.0000,7227.3333
Last 3 months,Jul 2025 to Sep 2025,ND,web,stringent,50,0.0028,0.0000,890.0000,0.0000
Last 3 months,Jul 2025 to Sep 2025,NE,web,lenient,50,0.0040,0.0069,3291.6667,5687.6667
Last 3 months,Jul 2025 to Sep 2025,NE,web,stringent,50,0.0014,0.0039,1134.3333,3197.3333
Last 3 months,Jul 2025 to Sep 2025,NH,web,lenient,50,0.0066,0.0172,7535.6667,21067.3333
Last 3 months,Jul 2025 to Sep 2025,NH,web,stringent,50,0.0004,0.0000,422.3333,0.0000
Last 3 months,Jul 2025 to Sep 2025,NJ,web,lenient,50,0.0155,0.0095,87006.3333,53136.0000
Last 3 months,Jul 2025 to Sep 2025,NJ,web,stringent,50,0.0079,0.0076,44245.6667,42445.3333
Last 3 months,Jul 2025 to Sep 2025,NM,web,lenient,50,0.0288,0.0117,25440.0000,11101.6667
Last 3 months,Jul 2025 to Sep 2025,NM,web,stringent,50,0.0181,0.0025,16247.0000,2219.0000
Last 3 months,Jul 2025 to Sep 2025,NV,web,lenient,50,0.0124,0.0058,22399.3333,11243.6667
Last 3 months,Jul 2025 to Sep 2025,NV,web,stringent,50,0.0077,0.0005,14110.3333,937.0000
Last 3 months,Jul 2025 to Sep 2025,NY,web,lenient,50,0.0156,0.0055,170987.6667,60389.6667
Last 3 months,Jul 2025 to Sep 2025,NY,web,stringent,50,0.0065,0.0033,71863.6667,36233.0000
Last 3 months,Jul 2025 to Sep 2025,OH,web,lenient,50,0.0087,0.0129,59433.6667,88865.0000
Last 3 months,Jul 2025 to Sep 2025,OH,web,stringent,50,0.0041,0.0039,28040.6667,26544.6667
Last 3 months,Jul 2025 to Sep 2025,OK,web,lenient,50,0.0110,0.0226,21465.6667,45354.3333
Last 3 months,Jul 2025 to Sep 2025,OK,web,stringent,50,0.0074,0.0089,14163.6667,17774.3333
Last 3 months,Jul 2025 to Sep 2025,OR,web,lenient,50,0.0116,0.0053,25256.6667,15382.3333
Last 3 months,Jul 2025 to Sep 2025,OR,web,stringent,50,0.0060,0.0004,12600.6667,876.3333
Last 3 months,Jul 2025 to Sep 2025,PA,web,lenient,50,0.0093,0.0139,74490.3333,110955.6667
Last 3 months,Jul 2025 to Sep 2025,PA,web,stringent,50,0.0042,0.0007,33552.0000,5412.6667
Last 3 months,Jul 2025 to Sep 2025,RI,web,lenient,50,0.0016,0.0000,941.0000,0.0000
Last 3 months,Jul 2025 to Sep 2025,RI,web,stringent,50,0.0000,0.0000,0.0000,0.0000
Last 3 months,Jul 2025 to Sep 2025,SC,web,lenient,50,0.0145,0.0151,37425.0000,39445.3333
Last 3 months,Jul 2025 to Sep 2025,SC,web,stringent,50,0.0052,0.0006,13479.3333,1456.6667
Last 3 months,Jul 2025 to Sep 2025,SD,web,lenient,50,0.0054,0.0011,2066.3333,422.3333
Last 3 months,Jul 2025 to Sep 2025,SD,web,stringent,50,0.0005,0.0011,179.0000,422.3333
Last 3 months,Jul 2025 to Sep 2025,TN,web,lenient,50,0.0058,0.0162,17601.3333,53259.3333
Last 3 months,Jul 2025 to Sep 2025,TN,web,stringent,50,0.0007,0.0093,2357.0000,31163.0000
Last 3 months,Jul 2025 to Sep 2025,TX,web,lenient,50,0.0081,0.0154,137076.3333,259847.6667
Last 3 months,Jul 2025 to Sep 2025,TX,web,stringent,50,0.0034,0.0033,57956.3333,56498.3333
Last 3 months,Jul 2025 to Sep 2025,UT,web,lenient,50,0.0121,0.0789,12377.3333,73789.0000
Last 3 months,Jul 2025 to Sep 2025,UT,web,stringent,50,0.0061,0.0057,8065.0000,7986.0000
Last 3 months,Jul 2025 to Sep 2025,VA,web,lenient,50,0.0119,0.0066,61084.0000,33887.0000
Last 3 months,Jul 2025 to Sep 2025,VA,web,stringent,50,0.0061,0.0003,31503.3333,1790.0000
Last 3 months,Jul 2025 to Sep 2025,VT,web,lenient,50,0.0127,0.0000,2177.3333,0.0000
Last 3 months,Jul 2025 to Sep 2025,VT,web,stringent,50,0.0075,0.0000,1333.6667,0.0000
Last 3 months,Jul 2025 to Sep 2025,WA,web,lenient,50,0.0118,0.0118,50928.3333,51646.0000
Last 3 months,Jul 2025 to Sep 2025,WA,web,stringent,50,0.0025,0.0034,10905.3333,16028.6667
Last 3 months,Jul 2025 to Sep 2025,WI,web,lenient,50,0.0109,0.0048,35495.3333,15606.6667
Last 3 months,Jul 2025 to Sep 2025,WI,web,stringent,50,0.0053,0.0001,17394.0000,454.6667
Last 3 months,Jul 2025 to Sep 2025,WV,web,lenient,50,0.0079,0.0217,8913.0000,23398.3333
Last 3 months,Jul 2025 to Sep 2025,WV,web,stringent,50,0.0000,0.0001,0.0000,80.3333
Last 3 months,Jul 2025 to Sep 2025,WY,web,lenient,50,0.0026,0.0413,864.0000,14939.3333
Last 3 months,Jul 2025 to Sep 2025,WY,web,stringent,50,0.0000,0.0000,0.0000,0.0000
Last 6 months,Apr 2025 to Sep 2025,AK,web,lenient,50,0.0097,0.0008,1939.1667,203.5000
Last 6 months,Apr 2025 to Sep 2025,AK,web,stringent,50,0.0014,0.0000,288.1667,0.0000
Last 6 months,Apr 2025 to Sep 2025,AL,web,lenient,50,0.0078,0.0075,21801.6667,21186.1667
Last 6 months,Apr 2025 to Sep 2025,AL,web,stringent,50,0.0032,0.0009,9018.5000,2548.0000
Last 6 months,Apr 2025 to Sep 2025,AR,web,lenient,50,0.0110,0.0126,17690.0000,20686.3333
Last 6 months,Apr 2025 to Sep 2025,AR,web,stringent,50,0.0067,0.0004,11006.6667,713.3333
Last 6 months,Apr 2025 to Sep 2025,AZ,web,lenient,50,0.0106,0.0348,41544.6667,137800.1667
Last 6 months,Apr 2025 to Sep 2025,AZ,web,stringent,50,0.0027,0.0112,11143.0000,45073.5000
Last 6 months,Apr 2025 to Sep 2025,CA,web,lenient,50,0.0189,0.0075,425502.3333,168033.1667
Last 6 months,Apr 2025 to Sep 2025,CA,web,stringent,50,0.0071,0.0029,160875.5000,64445.8333
Last 6 months,Apr 2025 to Sep 2025,CO,web,lenient,50,0.0155,0.0118,67064.5000,52795.8333
Last 6 months,Apr 2025 to Sep 2025,CO,web,stringent,50,0.0049,0.0037,20305.3333,17624.8333
Last 6 months,Apr 2025 to Sep 2025,CT,web,lenient,50,0.0153,0.0196,30791.6667,38034.0000
Last 6 months,Apr 2025 to Sep 2025,CT,web,stringent,50,0.0044,0.0001,8577.8333,219.8333
Last 6 months,Apr 2025 to Sep 2025,DC,web,lenient,50,0.0414,0.0056,13075.1667,1780.3333
Last 6 months,Apr 2025 to Sep 2025,DC,web,stringent,50,0.0052,0.0042,1731.6667,1310.6667
Last 6 months,Apr 2025 to Sep 2025,DE,web,lenient,50,0.0194,0.0057,14268.3333,4589.3333
Last 6 months,Apr 2025 to Sep 2025,DE,web,stringent,50,0.0059,0.0001,3914.6667,38.6667
Last 6 months,Apr 2025 to Sep 2025,FL,web,lenient,50,0.0069,0.0130,89908.8333,170844.5000
Last 6 months,Apr 2025 to Sep 2025,FL,web,stringent,50,0.0022,0.0040,28532.1667,52036.3333
Last 6 months,Apr 2025 to Sep 2025,GA,web,lenient,50,0.0125,0.0092,84721.1667,62156.8333
Last 6 months,Apr 2025 to Sep 2025,GA,web,stringent,50,0.0058,0.0023,39490.8333,15463.5000
Last 6 months,Apr 2025 to Sep 2025,HI,web,lenient,50,0.0024,0.0000,988.8333,0.0000
Last 6 months,Apr 2025 to Sep 2025,HI,web,stringent,50,0.0018,0.0000,780.0000,0.0000
Last 6 months,Apr 2025 to Sep 2025,IA,web,lenient,50,0.0085,0.0142,12764.0000,21856.3333
Last 6 months,Apr 2025 to Sep 2025,IA,web,stringent,50,0.0008,0.0008,1188.0000,1278.6667
Last 6 months,Apr 2025 to Sep 2025,ID,web,lenient,50,0.0062,0.0623,3541.0000,38361.5000
Last 6 months,Apr 2025 to Sep 2025,ID,web,stringent,50,0.0009,0.0302,477.3333,17391.5000
Last 6 months,Apr 2025 to Sep 2025,IL,web,lenient,50,0.0119,0.0098,82049.1667,66058.0000
Last 6 months,Apr 2025 to Sep 2025,IL,web,stringent,50,0.0047,0.0044,31996.3333,30815.5000
Last 6 months,Apr 2025 to Sep 2025,IN,web,lenient,50,0.0087,0.0091,27729.1667,28728.1667
Last 6 months,Apr 2025 to Sep 2025,IN,web,stringent,50,0.0021,0.0051,6810.3333,16045.1667
Last 6 months,Apr 2025 to Sep 2025,KS,web,lenient,50,0.0048,0.0097,6351.6667,12796.3333
Last 6 months,Apr 2025 to Sep 2025,KS,web,stringent,50,0.0015,0.0036,1968.6667,4745.5000
Last 6 months,Apr 2025 to Sep 2025,KY,web,lenient,50,0.0179,0.0146,40183.5000,32795.3333
Last 6 months,Apr 2025 to Sep 2025,KY,web,stringent,50,0.0062,0.0023,13767.3333,5090.6667
Last 6 months,Apr 2025 to Sep 2025,LA,web,lenient,50,0.0123,0.0122,26179.3333,26670.3333
Last 6 months,Apr 2025 to Sep 2025,LA,web,stringent,50,0.0074,0.0054,15784.5000,11673.5000
Last 6 months,Apr 2025 to Sep 2025,MA,web,lenient,50,0.0128,0.0065,52144.8333,26162.3333
Last 6 months,Apr 2025 to Sep 2025,MA,web,stringent,50,0.0031,0.0034,12325.0000,13393.1667
Last 6 months,Apr 2025 to Sep 2025,MD,web,lenient,50,0.0159,0.0182,59066.6667,68689.6667
Last 6 months,Apr 2025 to Sep 2025,MD,web,stringent,50,0.0089,0.0011,32646.1667,3973.3333
Last 6 months,Apr 2025 to Sep 2025,ME,web,lenient,50,0.0070,0.0048,4584.3333,3741.8333
Last 6 months,Apr 2025 to Sep 2025,ME,web,stringent,50,0.0024,0.0000,1564.0000,0.0000
Last 6 months,Apr 2025 to Sep 2025,MI,web,lenient,50,0.0175,0.0107,97177.0000,59119.8333
Last 6 months,Apr 2025 to Sep 2025,MI,web,stringent,50,0.0116,0.0011,64580.1667,5901.3333
Last 6 months,Apr 2025 to Sep 2025,MN,web,lenient,50,0.0077,0.0125,23912.3333,39492.1667
Last 6 months,Apr 2025 to Sep 2025,MN,web,stringent,50,0.0023,0.0016,7011.8333,5249.6667
Last 6 months,Apr 2025 to Sep 2025,MO,web,lenient,50,0.0119,0.0127,44930.3333,48454.5000
Last 6 months,Apr 2025 to Sep 2025,MO,web,stringent,50,0.0039,0.0041,14680.5000,15311.5000
Last 6 months,Apr 2025 to Sep 2025,MS,web,lenient,50,0.0063,0.0050,8923.8333,6886.1667
Last 6 months,Apr 2025 to Sep 2025,MS,web,stringent,50,0.0051,0.0002,7226.6667,245.5000
Last 6 months,Apr 2025 to Sep 2025,MT,web,lenient,50,0.0246,0.0586,10323.8333,23055.5000
Last 6 months,Apr 2025 to Sep 2025,MT,web,stringent,50,0.0049,0.0000,2464.1667,0.0000
Last 6 months,Apr 2025 to Sep 2025,NC,web,lenient,50,0.0165,0.0119,102027.8333,73865.5000
Last 6 months,Apr 2025 to Sep 2025,NC,web,stringent,50,0.0067,0.0042,41684.8333,26520.1667
Last 6 months,Apr 2025 to Sep 2025,ND,web,lenient,50,0.0117,0.0285,4274.1667,8180.1667
Last 6 months,Apr 2025 to Sep 2025,ND,web,stringent,50,0.0021,0.0112,655.1667,3317.8333
Last 6 months,Apr 2025 to Sep 2025,NE,web,lenient,50,0.0146,0.0099,13339.6667,8747.1667
Last 6 months,Apr 2025 to Sep 2025,NE,web,stringent,50,0.0048,0.0065,3929.3333,5880.6667
Last 6 months,Apr 2025 to Sep 2025,NH,web,lenient,50,0.0216,0.0201,24792.3333,24191.0000
Last 6 months,Apr 2025 to Sep 2025,NH,web,stringent,50,0.0064,0.0060,6880.3333,6776.8333
Last 6 months,Apr 2025 to Sep 2025,NJ,web,lenient,50,0.0136,0.0090,79789.6667,52922.5000
Last 6 months,Apr 2025 to Sep 2025,NJ,web,stringent,50,0.0054,0.0062,31030.5000,36036.5000
Last 6 months,Apr 2025 to Sep 2025,NM,web,lenient,50,0.0177,0.0127,15274.3333,11084.8333
Last 6 months,Apr 2025 to Sep 2025,NM,web,stringent,50,0.0097,0.0023,8627.3333,1930.8333
Last 6 months,Apr 2025 to Sep 2025,NV,web,lenient,50,0.0107,0.0052,19736.5000,10189.3333
Last 6 months,Apr 2025 to Sep 2025,NV,web,stringent,50,0.0056,0.0005,10285.1667,882.6667
Last 6 months,Apr 2025 to Sep 2025,NY,web,lenient,50,0.0148,0.0085,167135.1667,96679.3333
Last 6 months,Apr 2025 to Sep 2025,NY,web,stringent,50,0.0061,0.0054,68560.1667,61585.1667
Last 6 months,Apr 2025 to Sep 2025,OH,web,lenient,50,0.0091,0.0145,64887.8333,103893.3333
Last 6 months,Apr 2025 to Sep 2025,OH,web,stringent,50,0.0031,0.0024,21411.0000,16371.3333
Last 6 months,Apr 2025 to Sep 2025,OK,web,lenient,50,0.0147,0.0188,29664.6667,38031.5000
Last 6 months,Apr 2025 to Sep 2025,OK,web,stringent,50,0.0064,0.0075,12569.0000,15215.3333
Last 6 months,Apr 2025 to Sep 2025,OR,web,lenient,50,0.0107,0.0052,22533.6667,13041.5000
Last 6 months,Apr 2025 to Sep 2025,OR,web,stringent,50,0.0052,0.0010,10712.0000,2097.0000
Last 6 months,Apr 2025 to Sep 2025,PA,web,lenient,50,0.0098,0.0120,79280.3333,97424.0000
Last 6 months,Apr 2025 to Sep 2025,PA,web,stringent,50,0.0046,0.0005,37524.1667,3654.6667
Last 6 months,Apr 2025 to Sep 2025,RI,web,lenient,50,0.0041,0.0000,1981.6667,0.0000
Last 6 months,Apr 2025 to Sep 2025,RI,web,stringent,50,0.0011,0.0000,530.0000,0.0000
Last 6 months,Apr 2025 to Sep 2025,SC,web,lenient,50,0.0116,0.0147,29393.5000,37115.8333
Last 6 months,Apr 2025 to Sep 2025,SC,web,stringent,50,0.0033,0.0027,8464.8333,6417.8333
Last 6 months,Apr 2025 to Sep 2025,SD,web,lenient,50,0.0064,0.0040,2257.6667,1382.3333
Last 6 months,Apr 2025 to Sep 2025,SD,web,stringent,50,0.0037,0.0012,1263.8333,424.1667
Last 6 months,Apr 2025 to Sep 2025,TN,web,lenient,50,0.0088,0.0162,30610.0000,56099.6667
Last 6 months,Apr 2025 to Sep 2025,TN,web,stringent,50,0.0038,0.0072,13800.0000,24987.6667
Last 6 months,Apr 2025 to Sep 2025,TX,web,lenient,50,0.0093,0.0130,153681.3333,215574.0000
Last 6 months,Apr 2025 to Sep 2025,TX,web,stringent,50,0.0033,0.0030,55387.1667,49541.1667
Last 6 months,Apr 2025 to Sep 2025,UT,web,lenient,50,0.0159,0.0690,20874.6667,77955.8333
Last 6 months,Apr 2025 to Sep 2025,UT,web,stringent,50,0.0049,0.0078,5973.1667,11377.5000
Last 6 months,Apr 2025 to Sep 2025,VA,web,lenient,50,0.0139,0.0068,71228.0000,35361.8333
Last 6 months,Apr 2025 to Sep 2025,VA,web,stringent,50,0.0074,0.0003,37931.1667,1754.8333
Last 6 months,Apr 2025 to Sep 2025,VT,web,lenient,50,0.0138,0.0000,2117.6667,0.0000
Last 6 months,Apr 2025 to Sep 2025,VT,web,stringent,50,0.0094,0.0000,1490.5000,0.0000
Last 6 months,Apr 2025 to Sep 2025,WA,web,lenient,50,0.0146,0.0124,67098.6667,56963.0000
Last 6 months,Apr 2025 to Sep 2025,WA,web,stringent,50,0.0060,0.0045,28211.3333,21413.0000
Last 6 months,Apr 2025 to Sep 2025,WI,web,lenient,50,0.0084,0.0039,27831.6667,12906.1667
Last 6 months,Apr 2025 to Sep 2025,WI,web,stringent,50,0.0045,0.0003,14900.0000,1174.5000
Last 6 months,Apr 2025 to Sep 2025,WV,web,lenient,50,0.0060,0.0113,6810.0000,12187.5000
Last 6 months,Apr 2025 to Sep 2025,WV,web,stringent,50,0.0006,0.0001,716.8333,117.6667
Last 6 months,Apr 2025 to Sep 2025,WY,web,lenient,50,0.0202,0.0224,7458.0000,8072.0000
Last 6 months,Apr 2025 to Sep 2025,WY,web,stringent,50,0.0093,0.0000,3434.8333,0.0000
Since 2016,Jan 2016 to Sep 2025,AK,web,lenient,50,0.0179,0.0264,4391.3948,6769.6183
Since 2016,Jan 2016 to Sep 2025,AK,web,stringent,50,0.0061,0.0068,1485.6964,1921.1547
Since 2016,Jan 2016 to Sep 2025,AL,web,lenient,50,0.0138,0.0190,29358.9249,39363.9865
Since 2016,Jan 2016 to Sep 2025,AL,web,stringent,50,0.0061,0.0053,12785.0503,10846.2641
Since 2016,Jan 2016 to Sep 2025,AR,web,lenient,50,0.0158,0.0251,22929.9019,35632.1977
Since 2016,Jan 2016 to Sep 2025,AR,web,stringent,50,0.0064,0.0060,9395.6159,8232.2515
Since 2016,Jan 2016 to Sep 2025,AZ,web,lenient,50,0.0209,0.0236,69446.9800,79376.7930
Since 2016,Jan 2016 to Sep 2025,AZ,web,stringent,50,0.0082,0.0084,27228.7310,27254.1003
Since 2016,Jan 2016 to Sep 2025,CA,web,lenient,50,0.0240,0.0112,455549.1504,209336.9753
Since 2016,Jan 2016 to Sep 2025,CA,web,stringent,50,0.0090,0.0044,169910.9809,81529.4500
Since 2016,Jan 2016 to Sep 2025,CO,web,lenient,50,0.0198,0.0174,69522.0545,58925.5398
Since 2016,Jan 2016 to Sep 2025,CO,web,stringent,50,0.0071,0.0065,24618.8966,21907.8489
Since 2016,Jan 2016 to Sep 2025,CT,web,lenient,50,0.0193,0.0193,30208.2083,29599.4208
Since 2016,Jan 2016 to Sep 2025,CT,web,stringent,50,0.0068,0.0084,10422.7974,11816.6089
Since 2016,Jan 2016 to Sep 2025,DC,web,lenient,50,0.0364,0.0049,9352.1274,1251.9885
Since 2016,Jan 2016 to Sep 2025,DC,web,stringent,50,0.0177,0.0033,4428.8094,815.7584
Since 2016,Jan 2016 to Sep 2025,DE,web,lenient,50,0.0138,0.0311,8658.8683,17492.3572
Since 2016,Jan 2016 to Sep 2025,DE,web,stringent,50,0.0049,0.0058,3114.4870,3327.9676
Since 2016,Jan 2016 to Sep 2025,FL,web,lenient,50,0.0147,0.0160,160899.0217,174069.4842
Since 2016,Jan 2016 to Sep 2025,FL,web,stringent,50,0.0055,0.0050,59196.4280,52630.8025
Since 2016,Jan 2016 to Sep 2025,GA,web,lenient,50,0.0158,0.0133,86940.2060,71808.9822
Since 2016,Jan 2016 to Sep 2025,GA,web,stringent,50,0.0067,0.0045,37023.7038,24278.2428
Since 2016,Jan 2016 to Sep 2025,HI,web,lenient,50,0.0163,0.0071,6525.1543,2984.0253
Since 2016,Jan 2016 to Sep 2025,HI,web,stringent,50,0.0075,0.0035,2913.9142,1581.4617
Since 2016,Jan 2016 to Sep 2025,IA,web,lenient,50,0.0171,0.0169,25425.9142,25232.0849
Since 2016,Jan 2016 to Sep 2025,IA,web,stringent,50,0.0058,0.0051,8516.6448,7407.0250
Since 2016,Jan 2016 to Sep 2025,ID,web,lenient,50,0.0195,0.0332,13682.7544,23237.5833
Since 2016,Jan 2016 to Sep 2025,ID,web,stringent,50,0.0075,0.0123,5295.0931,8559.0847
Since 2016,Jan 2016 to Sep 2025,IL,web,lenient,50,0.0175,0.0097,113489.5493,61067.8368
Since 2016,Jan 2016 to Sep 2025,IL,web,stringent,50,0.0074,0.0036,47458.4056,22228.1095
Since 2016,Jan 2016 to Sep 2025,IN,web,lenient,50,0.0147,0.0141,48859.0375,45852.9163
Since 2016,Jan 2016 to Sep 2025,IN,web,stringent,50,0.0061,0.0050,19963.5732,16434.8673
Since 2016,Jan 2016 to Sep 2025,KS,web,lenient,50,0.0141,0.0220,18974.2081,29238.1027
Since 2016,Jan 2016 to Sep 2025,KS,web,stringent,50,0.0041,0.0052,5481.9210,6940.5386
Since 2016,Jan 2016 to Sep 2025,KY,web,lenient,50,0.0173,0.0136,36866.2449,28312.3763
Since 2016,Jan 2016 to Sep 2025,KY,web,stringent,50,0.0078,0.0042,16562.6917,8752.1974
Since 2016,Jan 2016 to Sep 2025,LA,web,lenient,50,0.0133,0.0191,24218.7708,34270.4449
Since 2016,Jan 2016 to Sep 2025,LA,web,stringent,50,0.0058,0.0064,10455.5834,11555.3357
Since 2016,Jan 2016 to Sep 2025,MA,web,lenient,50,0.0239,0.0123,84509.8931,42284.3726
Since 2016,Jan 2016 to Sep 2025,MA,web,stringent,50,0.0095,0.0043,33295.3204,13733.5812
Since 2016,Jan 2016 to Sep 2025,MD,web,lenient,50,0.0201,0.0167,67143.9415,55680.0208
Since 2016,Jan 2016 to Sep 2025,MD,web,stringent,50,0.0081,0.0047,26919.6115,15313.4168
Since 2016,Jan 2016 to Sep 2025,ME,web,lenient,50,0.0305,0.0135,22334.3700,9663.0232
Since 2016,Jan 2016 to Sep 2025,ME,web,stringent,50,0.0078,0.0028,5611.0187,1940.8255
Since 2016,Jan 2016 to Sep 2025,MI,web,lenient,50,0.0184,0.0175,94206.4367,86901.8042
Since 2016,Jan 2016 to Sep 2025,MI,web,stringent,50,0.0090,0.0058,45595.3786,28981.7510
Since 2016,Jan 2016 to Sep 2025,MN,web,lenient,50,0.0180,0.0171,53536.4644,51108.3423
Since 2016,Jan 2016 to Sep 2025,MN,web,stringent,50,0.0074,0.0072,21401.8823,21323.3130
Since 2016,Jan 2016 to Sep 2025,MO,web,lenient,50,0.0161,0.0175,53419.4549,58404.4569
Since 2016,Jan 2016 to Sep 2025,MO,web,stringent,50,0.0060,0.0074,19431.3617,24722.6139
Since 2016,Jan 2016 to Sep 2025,MS,web,lenient,50,0.0127,0.0157,17310.9286,19497.6996
Since 2016,Jan 2016 to Sep 2025,MS,web,stringent,50,0.0059,0.0046,8110.6224,5783.6043
Since 2016,Jan 2016 to Sep 2025,MT,web,lenient,50,0.0221,0.0287,9673.9793,13235.2004
Since 2016,Jan 2016 to Sep 2025,MT,web,stringent,50,0.0117,0.0074,5251.2920,3351.7930
Since 2016,Jan 2016 to Sep 2025,NC,web,lenient,50,0.0200,0.0149,98469.2181,71774.2128
Since 2016,Jan 2016 to Sep 2025,NC,web,stringent,50,0.0090,0.0058,43947.7020,28138.4691
Since 2016,Jan 2016 to Sep 2025,ND,web,lenient,50,0.0167,0.0243,4952.2991,6781.7292
Since 2016,Jan 2016 to Sep 2025,ND,web,stringent,50,0.0041,0.0081,1177.8311,2338.7962
Since 2016,Jan 2016 to Sep 2025,NE,web,lenient,50,0.0173,0.0243,15881.6636,21836.0536
Since 2016,Jan 2016 to Sep 2025,NE,web,stringent,50,0.0065,0.0074,5922.6639,6769.2148
Since 2016,Jan 2016 to Sep 2025,NH,web,lenient,50,0.0210,0.0163,22529.2125,16513.7897
Since 2016,Jan 2016 to Sep 2025,NH,web,stringent,50,0.0087,0.0048,9920.4824,4761.6960
Since 2016,Jan 2016 to Sep 2025,NJ,web,lenient,50,0.0180,0.0141,92781.5102,71109.2988
Since 2016,Jan 2016 to Sep 2025,NJ,web,stringent,50,0.0073,0.0044,37463.0430,22488.4133
Since 2016,Jan 2016 to Sep 2025,NM,web,lenient,50,0.0212,0.0179,15573.6401,13542.9400
Since 2016,Jan 2016 to Sep 2025,NM,web,stringent,50,0.0101,0.0069,7505.2918,5096.1141
Since 2016,Jan 2016 to Sep 2025,NV,web,lenient,50,0.0156,0.0136,21905.1955,18331.1700
Since 2016,Jan 2016 to Sep 2025,NV,web,stringent,50,0.0060,0.0038,8284.2927,4971.3070
Since 2016,Jan 2016 to Sep 2025,NY,web,lenient,50,0.0226,0.0087,216035.7244,85273.8957
Since 2016,Jan 2016 to Sep 2025,NY,web,stringent,50,0.0097,0.0035,91974.1698,35262.9733
Since 2016,Jan 2016 to Sep 2025,OH,web,lenient,50,0.0152,0.0141,90800.5520,83808.8975
Since 2016,Jan 2016 to Sep 2025,OH,web,stringent,50,0.0059,0.0056,34594.4689,32663.6304
Since 2016,Jan 2016 to Sep 2025,OK,web,lenient,50,0.0145,0.0196,25277.0541,33980.0033
Since 2016,Jan 2016 to Sep 2025,OK,web,stringent,50,0.0056,0.0089,9540.1682,15038.7109
Since 2016,Jan 2016 to Sep 2025,OR,web,lenient,50,0.0250,0.0166,53693.5513,34863.3416
Since 2016,Jan 2016 to Sep 2025,OR,web,stringent,50,0.0131,0.0060,28350.2317,12614.4009
Since 2016,Jan 2016 to Sep 2025,PA,web,lenient,50,0.0178,0.0160,121715.4586,109315.3037
Since 2016,Jan 2016 to Sep 2025,PA,web,stringent,50,0.0079,0.0051,54579.5568,34807.9669
Since 2016,Jan 2016 to Sep 2025,RI,web,lenient,50,0.0226,0.0100,8626.5588,3990.5847
Since 2016,Jan 2016 to Sep 2025,RI,web,stringent,50,0.0104,0.0048,3955.9305,1922.5748
Since 2016,Jan 2016 to Sep 2025,SC,web,lenient,50,0.0140,0.0142,32923.6373,31678.3248
Since 2016,Jan 2016 to Sep 2025,SC,web,stringent,50,0.0055,0.0043,12795.3611,9644.4586
Since 2016,Jan 2016 to Sep 2025,SD,web,lenient,50,0.0194,0.0332,5870.2393,9904.3250
Since 2016,Jan 2016 to Sep 2025,SD,web,stringent,50,0.0076,0.0194,2168.8832,6135.0539
Since 2016,Jan 2016 to Sep 2025,TN,web,lenient,50,0.0174,0.0214,46884.3442,59756.4567
Since 2016,Jan 2016 to Sep 2025,TN,web,stringent,50,0.0074,0.0057,20098.3544,15783.4682
Since 2016,Jan 2016 to Sep 2025,TX,web,lenient,50,0.0153,0.0188,203859.1477,242932.2454
Since 2016,Jan 2016 to Sep 2025,TX,web,stringent,50,0.0059,0.0064,78495.4576,81300.3774
Since 2016,Jan 2016 to Sep 2025,UT,web,lenient,50,0.0202,0.0999,19220.8814,103766.1492
Since 2016,Jan 2016 to Sep 2025,UT,web,stringent,50,0.0063,0.0063,6409.0726,7326.9691
Since 2016,Jan 2016 to Sep 2025,VA,web,lenient,50,0.0225,0.0195,93598.6485,78211.3894
Since 2016,Jan 2016 to Sep 2025,VA,web,stringent,50,0.0103,0.0052,43158.1441,20786.0418
Since 2016,Jan 2016 to Sep 2025,VT,web,lenient,50,0.0282,0.0122,7630.6304,3296.5168
Since 2016,Jan 2016 to Sep 2025,VT,web,stringent,50,0.0096,0.0051,2333.9544,1242.4143
Since 2016,Jan 2016 to Sep 2025,WA,web,lenient,50,0.0211,0.0192,84592.2604,77506.9798
Since 2016,Jan 2016 to Sep 2025,WA,web,stringent,50,0.0083,0.0060,32531.9972,24165.7775
Since 2016,Jan 2016 to Sep 2025,WI,web,lenient,50,0.0184,0.0193,52749.7395,54874.3394
Since 2016,Jan 2016 to Sep 2025,WI,web,stringent,50,0.0078,0.0071,22262.1381,20363.8685
Since 2016,Jan 2016 to Sep 2025,WV,web,lenient,50,0.0131,0.0152,12557.8562,14881.9994
Since 2016,Jan 2016 to Sep 2025,WV,web,stringent,50,0.0045,0.0045,4103.7245,4264.5453
Since 2016,Jan 2016 to Sep 2025,WY,web,lenient,50,0.0209,0.0177,6659.1532,5198.3076
Since 2016,Jan 2016 to Sep 2025,WY,web,stringent,50,0.0096,0.0078,3150.1303,2274.1379
